"","S-BART","T-BART","X-BART","R-LASSO","R-BOOST","CF","BCF","S-RF","T-RF","X-RF"
"1",56.7130389213562,50.0253112316132,92.5988299846649,0.212375640869141,2.01462107896805,11.0530030727386,1.36686430772146,0.252188682556152,0.237278461456299,0.604219913482666
"2",59.9588713645935,48.300404548645,95.0082185268402,0.266745328903198,1.65872177282969,11.3638970851898,1.31794845263163,0.283700466156006,0.380785226821899,0.546568155288696
"3",58.2472715377808,45.1938173770905,87.3474137783051,0.167119979858398,1.7257826089859,13.9660670757294,1.20783834060033,0.277205467224121,0.140111207962036,0.397130727767944
