"","S-BART","T-BART","X-BART","R-LASSO","R-BOOST","CF","BCF","S-RF","T-RF","X-RF"
"1",32.272919178009,28.6674644947052,54.7093040943146,0.63818359375,1.27774419387182,11.6573197841644,58.8665399551392,0.193784952163696,0.110286951065063,0.195144414901733
"2",34.9164395332336,30.0455529689789,58.56028175354,0.210112333297729,1.56493400732676,11.1849191188812,46.6634283065796,0.121261835098267,0.0898110866546631,0.389736652374268
"3",35.4170191287994,33.0312170982361,54.9360547065735,0.199501752853394,1.29531941811244,11.4913461208344,46.0495109558105,0.276654958724976,0.0879404544830322,0.297241687774658
