"","S-BART","T-BART","X-BART","R-LASSO","R-BOOST","CF","BCF","S-RF","T-RF","X-RF"
"1",8.01345779101054,5.19005353450775,10.9762763341268,1.2270519733429,6.30973113775253,21.6837201118469,9.49978798627853,2.24966740608215,2.76979207992554,3.66627025604248
"2",7.67987532218297,5.16501989761988,10.8769528826078,1.48345375061035,8.58306245803833,19.4179513454437,9.88997179269791,2.33953714370728,2.28567600250244,3.3466579914093
"3",8.27937670946121,5.40037116209666,11.4393069307009,1.33912539482117,7.10430157581965,22.1058788299561,9.88623653252919,2.40602421760559,2.29224681854248,3.18807911872864
