CMGP,NSGP,Logistic
-1.1639056387480617,-1.210358527742593,-1.0859042984772513
