CMGP,NSGP,Logistic
1.204286773199422,1.2519627806735614,1.4843348370039804
