CMGP,NSGP,Logistic
-1.3143073409205996,-1.364808174073796,-1.1614640063368475
