CMGP,NSGP,Logistic
1.36768211169698,1.4203490481166265,1.4805229548496905
