CMGP,NSGP,Logistic
-1.2745160976912462,-1.3172555543813596,-1.0997105662578002
