CMGP,NSGP,Logistic
-1.2066925913082558,-1.258578586137758,-1.3792400171334356
