CMGP,NSGP,Logistic
1.242744803837152,1.2968224593719189,1.7224453154392512
