CMGP,NSGP,Logistic
1.3110175619629336,1.3551567354381222,1.4666588404615126
