CMGP,NSGP,Logistic
0.0,0.46121698529187566,0.7991325490306495
0.0,0.4158828055308089,0.5814943912760463
0.0,0.389774794688048,0.996070857115791
