CMGP,NSGP,Logistic
0.0,-0.28096202595228104,-0.20290173181697704
0.0,-0.3103355901515137,-0.3051898323093545
0.0,0.39967757260524645,0.4560922162290452
