CMGP,NSGP,Logistic
-0.2790369416636536,-0.2759896846886163,-0.21374961583483867
-0.3003016379432673,-0.3006492737506231,-0.2801444529562471
0.36425682918173075,0.372831701635958,0.36674965316131464
