CMGP,NSGP,Logistic
0.0,-0.26796027040097603,-0.23464393394424576
0.0,0.13910830264929902,-0.03997010385026919
0.0,0.15306467525863224,-0.05676792212726825
