CMGP,NSGP,Logistic
0.0,0.08406122481618543,0.07247837690906081
0.0,-0.0189866130197663,0.016177710792880034
0.0,0.2516505298277815,0.2703230430213894
