CMGP,NSGP,Logistic
0.0,0.3852770104789348,0.4534054661862652
0.0,0.4564649417276698,0.7114810363440488
0.0,0.47257059873433066,0.7432760404383726
