CMGP,NSGP,Logistic
0.0,0.3603789591186133,0.4374407156164871
0.0,0.4496761458768286,0.7100332114075
0.0,0.45488685328672707,0.6647045822712498
