CMGP,NSGP,Logistic
-0.12510900412694392,-0.12636502458741086,-0.25288415725015034
0.08413182817971923,0.08377065060955835,0.0019333444440433692
0.14323414622452701,0.1429960267251208,-0.007767262627854385
