CMGP,NSGP,Logistic
0.0,0.4700655712862358,0.7941242979051139
0.0,0.3674761072256966,0.49509186496045715
0.0,0.3952740889290112,1.132038904314821
