CMGP,NSGP,Logistic
0.3732684036542047,0.37188318729699277,0.5115419944857551
0.36984661208735714,0.3699274337665515,0.6418376979137753
0.5873888438264772,0.5945742911540757,0.6256550483754908
