CMGP,NSGP,Logistic
-0.16486176083542345,-0.1617488953499402,-0.32686457746050923
-0.19626792948095534,-0.19661990656036252,-0.17371354330574376
0.483636146589442,0.49274356643660766,0.25758680840292814
