CMGP,NSGP,Logistic
0.0,-0.24848112595709734,-0.25288415725015034
0.0,0.11661288251880339,0.0019333444440433692
0.0,0.14251991266397065,-0.007767262627854385
