CMGP,NSGP,Logistic
0.010420081055828912,0.009983752999567408,0.0681976998697877
-0.02195467462759853,-0.017027141505666237,0.01646797524646667
0.20477794036956296,0.2044037219091504,0.2681462612339144
