CMGP,NSGP,Logistic
0.0,-0.35210760251511675,-0.12995485765904294
0.0,-0.005520940474578659,0.13979025932375647
0.0,0.03500664749648874,0.09953008654162233
