CMGP,NSGP,Logistic
0.0,-1.2062027981746708,-1.0859042984772513
0.0,0.23995466442241262,0.21616596466801166
0.0,-0.6457718026233682,-0.6105541700787681
