CMGP,NSGP,Logistic
0.0,0.4864175343823228,0.4017474373571588
0.0,0.3408268287560349,0.3985394600154371
0.0,0.34535860681731534,0.35707715014345764
