CMGP,NSGP,Logistic
1.36768211169698,1.4203490481166265,1.4805229548496905
0.3940298111755967,0.39591673095158936,1.125245575038906
0.8347383175065721,0.818628589957608,2.1913558371843354
