CMGP,NSGP,Logistic
0.0,-0.04030574392469925,0.012839282243858708
0.0,0.09404104328690259,0.055812600797957634
0.0,0.19351994022740746,0.19760144364143142
