CMGP,NSGP,Logistic
-1.3143073409205996,-1.364808174073796,-1.1614640063368475
0.1212112249734916,0.12791474399155242,0.2586023307590359
-0.757512714309833,-0.7405985049583246,-0.69907700986963
