CMGP,NSGP,Logistic
-0.15293375454558641,-0.15423390800716094,-0.23464393394424576
0.1048142602684552,0.10445339509429637,-0.03997010385026919
0.1537749325446332,0.15354006015108287,-0.05676792212726825
