CMGP,NSGP,Logistic
-0.1784831427383217,-0.17555670417978958,-0.32027173258948377
-0.19321917252661297,-0.19373343769986368,-0.16998770308332084
0.47328410720158787,0.48249072184704744,0.2751203401683091
