CMGP,NSGP,Logistic
0.0,-0.19603864025581158,-0.32027173258948377
0.0,-0.19305471744955968,-0.16998770308332084
0.0,0.3616954278964428,0.2751203401683091
