CMGP,NSGP,Logistic
0.0,1.4157629623419359,1.4805229548496905
0.0,0.3941518032829851,1.125245575038906
0.0,0.8346800267843174,2.1913558371843354
