CMGP,NSGP,Logistic
0.0,-0.35468700996713665,-0.15177833683862424
0.0,0.023191123737751985,0.13403617052162223
0.0,0.031669776341991814,0.21153947037530216
