CMGP,NSGP,Logistic
0.4477928894124788,0.4483950557862,0.7941242979051139
0.3525223491051542,0.35254406704568303,0.49509186496045715
0.39530575334902235,0.39532247474794796,1.132038904314821
