CMGP,NSGP,Logistic
1.3110175619629336,1.3551567354381222,1.4666588404615126
0.37140198184260753,0.37233539588686504,1.0925237355805464
0.867650546844948,0.8511701486238018,2.130664069818645
