CMGP,NSGP,Logistic
0.36312095089918284,0.361681041780738,0.5135439353264313
0.3739344476438477,0.3742711111466336,0.6630032802877085
0.5912485900700488,0.5985696753120677,0.6177793859228127
