CMGP,NSGP,Logistic
0.34355086121109046,0.34404043951433616,0.3898350540933077
0.346408351097318,0.34626981408079077,0.3926453975265805
0.400787046358336,0.4006073131446403,0.3982420429055151
