CMGP,NSGP,Logistic
-0.29867432478899336,-0.2954649753729724,-0.20290173181697704
-0.3105000978793467,-0.3111001381512588,-0.3051898323093545
0.3433019458358514,0.3532718696208507,0.4560922162290452
