CMGP,NSGP,Logistic
-0.008727789907987714,-0.009287195600201666,0.07247837690906081
-0.02355473018290808,-0.018629656632699377,0.016177710792880034
0.2148109481541114,0.21443357332164867,0.2703230430213894
