CMGP,NSGP,Logistic
0.0,0.3818884333941524,0.8124417757525442
0.0,0.3649690463824273,0.48880817977463287
0.0,0.37948174754711633,1.1665219239406601
