CMGP,NSGP,Logistic
0.0,1.3509161710398316,1.4666588404615126
0.0,0.37145766963276694,1.0925237355805464
0.0,0.8675982902069659,2.130664069818645
