CMGP,NSGP,Logistic
0.0,0.4351967112159594,0.39669917460024817
0.0,0.3381874381266871,0.39556684125337244
0.0,0.36123388694131636,0.4025487133182461
