CMGP,NSGP,Logistic
0.11377925826669164,0.11337504424482138,0.012839282243858708
0.08942722762763043,0.09440202314792673,0.055812600797957634
0.31924126237683165,0.31886550561542726,0.19760144364143142
