CMGP,NSGP,Logistic
0.46283984706579734,0.4606494160129909,0.4534054661862652
0.456665338235844,0.45771870243749774,0.7114810363440488
0.5041433881287937,0.5085258515603592,0.7432760404383726
