CMGP,NSGP,Logistic
0.0,0.29669414974465524,0.5135439353264313
0.0,0.3738359557764442,0.6630032802877085
0.0,0.44926432548414386,0.6177793859228127
