CMGP,NSGP,Logistic
-0.25539748503398085,-0.25700048877151616,-0.12995485765904294
-0.035331149056488396,-0.03570636981186792,0.13979025932375647
0.03573655351477261,0.03547958719564589,0.09953008654162233
