CMGP,NSGP,Logistic
0.0,1.2477724399028731,1.4843348370039804
0.0,0.40792547089836984,1.0912061244684823
0.0,0.7225438932568647,2.1123914511176745
