CMGP,NSGP,Logistic
0.11920480771784764,0.11879534161719275,0.0067399377210336
0.08486658926721977,0.08983984547832886,0.05288493468427843
0.3267634907340647,0.3263828173545732,0.20563589924779654
