CMGP,NSGP,Logistic
0.0,-1.2542223550090872,-1.3792400171334356
0.0,0.1941978368910015,0.33454112670417735
0.0,-0.6794764224735719,-0.41063305758849244
