CMGP,NSGP,Logistic
0.4383427013304058,0.43926196848845334,0.7991325490306495
0.40235912009855557,0.4024139698324578,0.5814943912760463
0.38979380216171144,0.38982412686567697,0.996070857115791
