CMGP,NSGP,Logistic
-0.2579131737190257,-0.2593144223979019,-0.15177833683862424
-0.007067914335568192,-0.0074458651805564486,0.13403617052162223
0.03241047407156782,0.032145692850255286,0.21153947037530216
