CMGP,NSGP,Logistic
-1.2066925913082558,-1.258578586137758,-1.3792400171334356
0.19376549799025658,0.20018801589254467,0.33454112670417735
-0.679490891047394,-0.6646251862520005,-0.41063305758849244
