CMGP,NSGP,Logistic
0.36003667193013067,0.3606068977003063,0.8124417757525442
0.33986744052071327,0.33977254084571473,0.48880817977463287
0.3797524167014968,0.3796823341628226,1.1665219239406601
