CMGP,NSGP,Logistic
1.204286773199422,1.2519627806735614,1.4843348370039804
0.40769044636780494,0.4112024911535434,1.0912061244684823
0.7225822856967093,0.7082393763633534,2.1123914511176745
