CMGP,NSGP,Logistic
0.3521185523314624,0.352093897232048,0.4017474373571588
0.3394615486972077,0.3409377090338279,0.3985394600154371
0.4600746068632743,0.45980988875403733,0.35707715014345764
