CMGP,NSGP,Logistic
0.0,0.3062707219754404,0.5115419944857551
0.0,0.36977682789481847,0.6418376979137753
0.0,0.44973018741967513,0.6256550483754908
