CMGP,NSGP,Logistic
0.43159088346889823,0.4296437230278614,0.4374407156164871
0.44983348293242964,0.4504634300965799,0.7100332114075
0.503801577668843,0.5087618966634176,0.6647045822712498
