CMGP,NSGP,Logistic
0.0,0.3481056605224488,0.8448135924317515
0.0,0.3619463020831939,0.4609858332336826
0.0,0.3757692403135448,1.0800292453201201
