CMGP,NSGP,Logistic
0.0,-0.05094947097669879,0.0067399377210336
0.0,0.08947909889838317,0.05288493468427843
0.0,0.1982881795065217,0.20563589924779654
