CMGP,NSGP,Logistic
-1.2745160976912462,-1.3172555543813596,-1.0997105662578002
0.05443304963580713,0.06062163447602813,0.26389205757390105
-0.7860265345441951,-0.7687227698933119,-0.9550230751168448
