CMGP,NSGP,Logistic
0.0,-0.2642025596804262,-0.21374961583483867
0.0,-0.3001637741899813,-0.2801444529562471
0.0,0.3728458362041711,0.36674965316131464
