CMGP,NSGP,Logistic
0.0,-0.1857177741970263,-0.32686457746050923
0.0,-0.19611438095053774,-0.17371354330574376
0.0,0.3589948682360507,0.25758680840292814
