CMGP,NSGP,Logistic
0.0,-1.360298204283037,-1.1614640063368475
0.0,0.12166229675436961,0.2586023307590359
0.0,-0.7574703458926064,-0.69907700986963
