CMGP,NSGP,Logistic
0.0,0.42682392399487995,0.3898350540933077
0.0,0.3462756541855169,0.3926453975265805
0.0,0.3616726626919334,0.3982420429055151
