CMGP,NSGP,Logistic
-1.1639056387480617,-1.210358527742593,-1.0859042984772513
0.23953128432898532,0.2458039916299512,0.21616596466801166
-0.6458028951904773,-0.6302301394556463,-0.6105541700787681
