CMGP,NSGP,Logistic
0.0,0.06559840150757644,0.0681976998697877
0.0,-0.017384408372428918,0.01646797524646667
0.0,0.2559415419014482,0.2681462612339144
