CMGP,NSGP,Logistic
0.32271731735640985,0.3231255175785887,0.8448135924317515
0.3374205493920029,0.33731921275911003,0.4609858332336826
0.3760345194272153,0.3759608173083755,1.0800292453201201
