CMGP,NSGP,Logistic
0.3544351295787936,0.35503400361769905,0.39669917460024817
0.33835345930336214,0.33817918449952816,0.39556684125337244
0.41675215865390614,0.4165702594870899,0.4025487133182461
