CMGP,NSGP,Logistic
0.3532889545047718,0.35320536685292486,0.40387846965201996
0.3385787789028181,0.339993208645334,0.39661365819064526
0.47088923920192777,0.4706192725886035,0.3595185420087755
