CMGP,NSGP,Logistic
0.0,0.4979554063067415,0.40387846965201996
0.0,0.3398868322686136,0.39661365819064526
0.0,0.3439173477092703,0.3595185420087755
