CMGP,NSGP,Logistic
0.0,-1.3130726234636056,-1.0997105662578002
0.0,0.05485573928103405,0.26389205757390105
0.0,-0.7859674729924695,-0.9550230751168448
