CMGP,NSGP,Logistic
0.0,1.292392437094531,1.7224453154392512
0.0,0.3835859887039808,1.0826821541012515
0.0,0.7436038002920369,2.1618435502825797
