CMGP,NSGP,Logistic
1.242744803837152,1.2968224593719189,1.7224453154392512
0.3833829551846299,0.38643721656996655,1.0826821541012515
0.7436449283319405,0.7291246535816098,2.1618435502825797
