"","S-BART","T-BART","X-BART","R-LASSO","R-BOOST","CF","BCF","S-RF","T-RF","X-RF"
"1",0.351403811916674,0.959608455422244,0.791712428678132,0.268889701279068,0.566149250599823,0.360649226318746,0.395430026088662,2.15827433452865,2.15409424497786,1.20310850827865
"2",0.374726455972704,0.842972293777777,0.709760540708328,0.260832986515368,0.580391138842026,0.431293048760689,0.493002643860858,2.19778116090333,2.17982746678818,1.05151159861837
"3",0.29894570530766,0.904160540009052,0.673252708894949,0.235867555865938,0.548043263215395,0.474568313134739,0.359403624533188,2.06369195883093,2.05949361088357,1.02322941241225
