"","S-BART","T-BART","X-BART","R-LASSO","R-BOOST","CF","BCF","S-RF","T-RF","X-RF"
"1",0.0040001366800259,0.0039400764102669,0.00397170069287147,0.00398593031157263,0.00414631610513019,0.00414146532009405,0.00399880381886333,0.00393815501469068,0.00394438138067166,0.00400836007851548
"2",0.00293554219712516,0.00294393363882643,0.00296390127770104,0.00295464280032198,0.00295463223224624,0.00295467857090959,0.00291523143432811,0.00294270167961079,0.00293182640692421,0.0029837643992242
"3",0.00397415756168727,0.004064201391995,0.0040130776444103,0.00400598136937106,0.00404254140697611,0.004016038503359,0.00401306190560524,0.00411812873326895,0.00411214709549363,0.0040717394750955
