"","S-BART","T-BART","X-BART","R-LASSO","R-BOOST","CF","BCF","S-RF","T-RF","X-RF"
"1",0.00300792957986728,0.00292679024536643,0.00295336331820272,0.00309294537317867,0.00314845263788439,0.0031050726290532,0.0029569107044459,0.00298478157236005,0.00295274482858288,0.00303869191040091
"2",0.00350209528259569,0.00342692424173784,0.00345888170684015,0.00357769663064382,0.0035782696275362,0.00357797444543224,0.00344986094701918,0.00346776617546446,0.00344836585377972,0.00353707428452636
"3",0.00443129872653059,0.00436950018134472,0.0044061425246697,0.00450881663649591,0.00452408902763732,0.00452737284750893,0.00452305818262659,0.00428100015200052,0.00436978646077483,0.00451136052183099
