"","S-BART","T-BART","X-BART","R-LASSO","R-BOOST","CF","BCF","S-RF","T-RF","X-RF"
"1",0.53734754435036,1.5410743631747,1.24511918137414,0.98128406547917,1.82498374709998,1.18293858414533,0.774702089032631,1.94269520223051,2.25808109912014,1.39814382831266
"2",0.581527069342465,1.62045132528354,1.38151658467863,0.639280043977701,0.680717619729686,0.660730489600854,0.877093781774668,2.21636886370148,2.38512145724123,1.21997098868256
"3",0.549792786812873,1.96884328507744,1.495452021139,0.6232352807472,0.701950313844756,0.723145453893044,1.30261315030381,2.45715383266487,2.78657187698442,1.63249814394554
