"","S-BART","T-BART","X-BART","R-LASSO","R-BOOST","CF","BCF","S-RF","T-RF","X-RF"
"1",-0.361477159788284,-0.161700340451443,-0.101905577756568,-0.897024799450447,-1.82382782523836,-1.13012875318692,-0.0120434698240202,0.0611758309105492,-0.467477671553745,-1.05206251087373
"2",-0.153862593322158,0.0881505982836072,-0.0394752729408515,-0.469805788202672,-0.540221014081127,-0.505671192081561,0.108431734603899,0.0624358910189036,-0.45590094487829,-0.317077720675406
"3",0.152701437683158,0.223337368954455,0.135442627444947,-0.195588027907163,-0.381887283077143,-0.420698398383203,0.124157025512427,0.818072862946159,0.0643705484136265,-0.195233239224841
