"","S-BART","T-BART","X-BART","R-LASSO","R-BOOST","CF","BCF","S-RF","T-RF","X-RF"
"1",0.00301795954662078,0.00300925264705756,0.00301096007568071,0.00300602652499913,0.00307881225204055,0.00305224183297956,0.00299444461647665,0.00304615732531058,0.00304871462691388,0.00303748927742649
"2",0.00281138774962841,0.00281735917854993,0.00281456278250646,0.00281482794684123,0.00284902596771487,0.00284555470917896,0.00281479230091673,0.00288597816755519,0.00288175003702376,0.00283359066601546
"3",0.00285400091611658,0.00285754506169167,0.00285354232417664,0.00284831228110428,0.00290255671276527,0.00289571859173784,0.00284580981012948,0.00291333657106733,0.00290894368045089,0.00287749652701124
