"","S-BART","T-BART","X-BART","R-LASSO","R-BOOST","CF","BCF","S-RF","T-RF","X-RF"
"1",0.404938490978946,1.188951403292,0.888776616831729,0.355035872485764,0.532594117985871,0.455890877693914,0.412604442286623,2.2567340802292,2.24548109440227,1.18616153632916
"2",0.27408859570368,0.923848313176089,0.662046362544167,0.244858947257474,0.784127029044164,0.580292093198706,0.394852835253966,1.97835366604964,2.00806639445698,0.985222050463816
"3",0.312082940868168,0.924460895445009,0.6854591616916,0.281387726326501,0.598788706773062,0.442642031162506,0.337323351034103,1.9387264359292,1.92826715518719,1.01750757629975
