"","S-BART","T-BART","X-BART","R-LASSO","R-BOOST","CF","BCF","S-RF","T-RF","X-RF"
"1",0.0043110455498085,0.00427581407829875,0.00432506920139694,0.004171924593186,0.00416785250525719,0.00419500986735695,0.0044245198512584,0.00378938825109863,0.00374503719705011,0.00413023712435661
"2",0.00489045376657657,0.00483056192938534,0.00484955759770645,0.00483812134117218,0.00483188875990689,0.00487157895699087,0.0049118294420967,0.00428285948895736,0.00424873377232068,0.00474440626073273
"3",0.00520534624136625,0.00500089064311138,0.00504072093452031,0.0051615822310163,0.00515817275820333,0.0051905887930591,0.00490004389693658,0.00468675807956381,0.00443034144983595,0.00481807168289725
