"","S-BART","T-BART","X-BART","R-LASSO","R-BOOST","CF","BCF","S-RF","T-RF","X-RF"
"1",0.53734754435036,1.5410743631747,1.24511918137414,0.98128406547917,1.82498374709998,1.18293858414533,0.774702089032631,1.94269554286415,2.25808131004319,1.39805060362785
"2",0.581527069342465,1.62045132528354,1.38151658467863,0.639280043977701,0.680717619729686,0.660730489600854,0.877093781774668,2.2163695287184,2.38512492624064,1.21956990543288
"3",0.549792786812873,1.96884328507744,1.495452021139,0.6232352807472,0.701950313844756,0.723145453893044,1.30261315030381,2.45715249237156,2.78657426261741,1.63276702975345
