"","S-BART","T-BART","X-BART","R-LASSO","R-BOOST","CF","BCF","S-RF","T-RF","X-RF"
"1",0.156219976389163,0.121554728961302,0.134421631156759,0.109976449738437,0.237905841780794,0.190805292263865,0.126792652897002,0.186363767383027,0.182435794006377,0.216135604723078
"2",-0.162036525634372,-0.182758089247248,-0.165573232348863,-0.174332472127559,-0.22036049378967,-0.129905470164565,-0.16164433642129,-0.267387060017048,-0.27847622825831,-0.156862873190754
"3",0.0548739222726756,0.0423998228500021,0.0570804992331917,0.0328209643595177,0.164744686213818,0.138178559070874,0.0561755019655691,0.0293280129433741,0.0482826468030909,0.0366189010731621
