"","S-BART","T-BART","X-BART","R-LASSO","R-BOOST","CF","BCF","S-RF","T-RF","X-RF"
"1",0.00473507845138604,0.00523032789024401,0.00481323584331307,0.00462994160849534,0.0043254733120706,0.00432280766634998,0.00466889188204458,0.00528397669346385,0.00529259554405738,0.0046707955729978
"2",0.00375988661040896,0.00385842535289847,0.00385039811136368,0.00368805444096737,0.00368798800211504,0.00368827141516022,0.00382430703824811,0.00400671488344445,0.00402455650518816,0.00375463615651571
"3",0.0054417427640088,0.00557376670995857,0.00547016837567435,0.0053353227807666,0.00526038569747539,0.00531185284349436,0.00540994124379943,0.00575003306846504,0.00581164102575713,0.00541457776434119
