"","S-BART","T-BART","X-BART","R-LASSO","R-BOOST","CF","BCF","S-RF","T-RF","X-RF"
"1",0.00430303018099915,0.00422624242242724,0.00425266460495218,0.00431784051981844,0.00418514444862928,0.0042054851865345,0.00433674847272865,0.00332914319366861,0.00331955832383307,0.00400622017761242
"2",0.00414201726240304,0.00406663382237383,0.00410077312030871,0.00416246608332914,0.00407081578170703,0.00407489923533544,0.00411285750161745,0.00323775790341368,0.00322041715514604,0.00389778413777277
"3",0.00378391144132649,0.00369461771705545,0.00375823281999651,0.00382149620353964,0.0036863418248744,0.00371409749559805,0.00382965015246067,0.00290387047318317,0.0028855805372666,0.00348633823744927
