"","S-BART","T-BART","X-BART","R-LASSO","R-BOOST","CF","BCF","S-RF","T-RF","X-RF"
"1",0.156219976389163,0.121554728961302,0.134421631156759,0.109976449738437,0.237905841780794,0.190805292263865,0.126792652897002,0.186367629861025,0.182434469121852,0.216566112134612
"2",-0.162036525634372,-0.182758089247248,-0.165573232348863,-0.174332472127559,-0.22036049378967,-0.129905470164565,-0.16164433642129,-0.26739185887694,-0.278473825779534,-0.157624392629778
"3",0.0548739222726756,0.0423998228500021,0.0570804992331917,0.0328209643595177,0.164744686213818,0.138178559070874,0.0561755019655691,0.0293336010727463,0.0482850669812754,0.0365029340621377
