"","S-BART","T-BART","X-BART","R-LASSO","R-BOOST","CF","BCF","S-RF","T-RF","X-RF"
"1",0.324569057618939,0.9684298990526,0.784950714023601,0.254781168623615,0.535401187948796,0.336309493629251,0.446347543130901,2.19927683193946,2.19768393653549,1.1575301828774
"2",0.399714421442177,0.874936573711492,0.723289583524695,0.265781919041998,0.635890938501476,0.475896708151751,0.49219973859214,2.16612426194728,2.16192769416972,1.05154893033538
"3",0.29198127655484,0.866923718757105,0.655352942259862,0.248870157584665,0.523028643565959,0.465239918913045,0.336584874284472,2.16789929215561,2.16858370937106,1.04681678398013
