"","S-BART","T-BART","X-BART","R-LASSO","R-BOOST","CF","BCF","S-RF","T-RF","X-RF"
"1",-0.27333584903621,-0.235295993855902,-0.315247941096183,-0.388379013051953,-0.423823299243407,-0.266748704828707,-0.234854267535505,-0.0807907952224922,-0.0832925252340345,-0.190684394795417
"2",-0.230208299254277,-0.224385997135378,-0.239437605081186,-0.458608930837479,-0.45401607598194,-0.473358905319741,-0.133979191949021,-0.111066662084371,-0.16452915859463,-0.242141892254063
"3",0.341663811805958,0.27548853997048,0.288575991434413,0.2464547682848,-0.231694606665378,0.1075694316142,0.368049684078524,0.415365991585305,0.35248097877758,0.211893872000001
