"","S-BART","T-BART","X-BART","R-LASSO","R-BOOST","CF","BCF","S-RF","T-RF","X-RF"
"1",0.00303421476558862,0.00297527685149045,0.0030068064774073,0.00304626295749156,0.0031410307259054,0.00313206289063722,0.00302423302951719,0.00262423784040882,0.00261764285883543,0.00297992198691337
"2",0.00288613988599764,0.00283967920194661,0.00287369554209644,0.00288887508023743,0.00295514264014893,0.00295033682237544,0.00289828215778979,0.0024952019301057,0.00248965471766608,0.00283804694973073
"3",0.00297136237289974,0.00292263412144744,0.00294303317314835,0.00296319463392719,0.00304166018356326,0.00304059050081489,0.00294696041326982,0.00259666817079913,0.00259085766274012,0.00293597866732745
