"","S-BART","T-BART","X-BART","R-LASSO","R-BOOST","CF","BCF","S-RF","T-RF","X-RF"
"1",0.00293339260965268,0.00294261470249563,0.00293060035606257,0.00293615463469814,0.0030248150999424,0.00301594136223389,0.00292538694083583,0.00298457274176526,0.00298291951949871,0.00295561243046798
"2",0.00308392234629982,0.00307317626883112,0.00307244384329367,0.00308698108685711,0.00318022836631636,0.00316461793826525,0.00308920584419815,0.00312168033766169,0.00311934636607674,0.00310000013751304
"3",0.0029826106823483,0.00298267909199478,0.00298909331114434,0.00297520700292262,0.00305664936353691,0.0030433861733139,0.0029731676063923,0.00302785589875961,0.00302851800563997,0.0030180430855299
