"","S-BART","T-BART","X-BART","R-LASSO","R-BOOST","CF","BCF","S-RF","T-RF","X-RF"
"1",-0.33039664708556,-0.321502250479942,-0.243729390460575,-0.813918043763137,-1.74072106955105,-1.04699718996639,-0.126877431969682,0.142049429205451,-0.420038249313001,-1.10801411839004
"2",-0.0949987086726623,-0.108603092993628,-0.0680279817081079,-0.353184971902665,-0.42360019778112,-0.388919301729609,0.0568892011968681,0.377665320548604,0.0286906438554172,-0.152282104513003
"3",0.0517341982659008,0.0857194692698752,-0.0668857481458083,-0.186808625182945,-0.373107880352926,-0.410259901730977,0.0369232364142233,0.832349400211189,0.0187316551451121,-0.272829835534047
