"","S-BART","T-BART","X-BART","R-LASSO","R-BOOST","CF","BCF","S-RF","T-RF","X-RF"
"1",0.573615938784186,1.84271555626122,1.4317102365109,1.09136269905446,1.92685416837186,1.28981008246878,0.861298302923786,1.66005774411532,2.07513654307299,1.34699333645771
"2",0.623984871358222,1.83741524110994,1.51295950617238,0.796597101532309,0.840052502880494,0.818262071736267,0.917714413940997,1.97156076051486,2.26080178218683,1.28254025776033
"3",0.538592691600556,1.70523598553865,1.36355829188511,0.546038538446662,0.636978261626247,0.660976967231496,1.13446871769476,1.92887374146395,2.16458606171363,1.49599083252585
