"","S-BART","T-BART","X-BART","R-LASSO","R-BOOST","CF","BCF","S-RF","T-RF","X-RF"
"1",0.0791615873270201,0.122530273226323,0.0974799969589266,-0.0210093377763964,-0.124723739075303,-0.0913608452534864,0.0769763841464202,0.0427711022230182,0.0284545904169176,0.0265039776605647
"2",-0.0919191725988999,-0.0829349621503901,-0.0456667447650881,-0.0875125062302743,-0.58472490993796,-0.252560757152143,-0.0540757840975135,-0.0115148190876211,-0.019869888880253,-0.120108583715473
"3",-0.130634531816681,-0.145878645113638,-0.114043750739082,-0.116211230986052,-0.436224009136118,-0.242257610014573,-0.0739251029166343,-0.247609409524337,-0.280047919579179,-0.072065716544689
