"","S-BART","T-BART","X-BART","R-LASSO","R-BOOST","CF","BCF","S-RF","T-RF","X-RF"
"1",0.148600719809934,0.131642857921444,0.153162740817103,0.151624321536873,0.0492190781125102,0.0849418086877889,0.184865787269595,0.154406081965958,0.150226461358351,0.168832682935905
"2",-0.151541265191932,-0.145901342563874,-0.137859855133669,-0.168966675640278,-0.295166850398464,-0.252821854131317,-0.150659695403846,-0.142268988946462,-0.153850610337659,-0.16449992085357
"3",0.0544054951244944,0.0624478068955545,0.0705877921318629,0.0494018771105497,-0.00999698568304821,-0.0122659630938727,0.076561094273804,0.0693880481471161,0.0772518556482952,0.0654960021528615
