"","S-BART","T-BART","X-BART","R-LASSO","R-BOOST","CF","BCF","S-RF","T-RF","X-RF"
"1",-0.33039664708556,-0.321502250479942,-0.243729390460575,-0.813918043763137,-1.74072106955105,-1.04699718996639,-0.126877431969682,0.142047670379867,-0.420037076762612,-1.10782309048442
"2",-0.0949987086726623,-0.108603092993628,-0.0680279817081079,-0.353184971902665,-0.42360019778112,-0.388919301729609,0.0568892011968681,0.377670479606093,0.0286882897223882,-0.152240751914486
"3",0.0517341982659008,0.0857194692698752,-0.0668857481458083,-0.186808625182945,-0.373107880352926,-0.410259901730977,0.0369232364142233,0.832342373647374,0.0187384878726839,-0.272766555224704
