"","S-BART","T-BART","X-BART","R-LASSO","R-BOOST","CF","BCF","S-RF","T-RF","X-RF"
"1",0.0040001366800259,0.0039400764102669,0.00397170069287147,0.00398593031157263,0.00414631610513019,0.00414146532009405,0.00399880381886333,0.00393815571757639,0.00394437996783947,0.00400833311690406
"2",0.00293554219712516,0.00294393363882643,0.00296390127770104,0.00295464280032198,0.00295463223224624,0.00295467857090959,0.00291523143432811,0.00294269948306112,0.00293182470432933,0.00298382380604536
"3",0.00397415756168727,0.004064201391995,0.0040130776444103,0.00400598136937106,0.00404254140697611,0.004016038503359,0.00401306190560524,0.00411812837854448,0.00411214712301287,0.00407184648785233
