"","S-BART","T-BART","X-BART","R-LASSO","R-BOOST","CF","BCF","S-RF","T-RF","X-RF"
"1",0.00834551780988708,-0.0536889376007565,-0.0353450136711411,-0.0750624065751489,0.0425672424741526,0.0463628524713375,-0.00397894609652072,-0.0655904600671671,-0.072131086960687,0.0416520547551699
"2",-0.0873872116468353,-0.116339265231166,-0.110423836509428,-0.0804246615158608,-0.389890308610875,-0.0576751607931,-0.0546839340680767,-0.168617541314292,-0.189295878778194,-0.137186005029422
"3",-0.200331613607735,-0.190532786343231,-0.200200336820304,-0.196989921348353,-0.267035752155231,-0.08240631291999,-0.181899700282453,-0.170397943930496,-0.195662737422068,-0.0506858104281992
