"","S-BART","T-BART","X-BART","R-LASSO","R-BOOST","CF","BCF","S-RF","T-RF","X-RF"
"1",0.652138876920732,1.43306369416728,1.05300142599557,0.795119084088778,0.705426917901427,0.625252321115833,0.653461790348203,2.16868324433285,2.22587900574221,0.974254486693299
"2",0.738949155075621,1.66343958922493,1.34432356556407,0.724324889084669,0.721425665438693,0.73522194821117,0.867906963999494,2.26925781318271,2.26970728821792,1.33433492371142
"3",0.873290403429148,1.55551125269068,1.42785530053178,0.592014125950661,0.586023176395469,0.546758954329837,1.18980905267472,2.35991678709434,2.41278035909658,1.3947256854517
