"","S-BART","T-BART","X-BART","R-LASSO","R-BOOST","CF","BCF","S-RF","T-RF","X-RF"
"1",0.00287766326660357,0.00283559476233086,0.00285282472757557,0.00287224639256705,0.00293836139670199,0.00291461887154438,0.0028492584625661,0.00247279498894491,0.00247124849045304,0.00281434988021368
"2",0.00286752826249933,0.00284311591790221,0.00285850492346693,0.00287540904938573,0.00289160321891539,0.00290835369304066,0.00286892721133233,0.00247256876402603,0.00246095256266751,0.00280485834711067
"3",0.00289352007017186,0.00286626289260639,0.00287781004590191,0.00289042396965912,0.0029394110011482,0.00293419287096102,0.00288240496364576,0.0024801694010322,0.00247279748967969,0.00282372137158376
