"","S-BART","T-BART","X-BART","R-LASSO","R-BOOST","CF","BCF","S-RF","T-RF","X-RF"
"1",0.145864699983743,0.119239131503278,0.158184089764763,0.147041305419874,0.0457433951180588,0.0746093716073995,0.196839220632328,-0.00985846198014614,-0.0197073340320861,0.0628746854478166
"2",-0.166067076983697,-0.186585289074729,-0.14400076188534,-0.167325009624093,-0.315144097470136,-0.232403573036102,-0.164727074639829,-0.141199632331441,-0.133936506916387,-0.151002590584146
"3",0.0610091026416486,0.100415450162221,0.1112468454557,0.0497478732981744,-0.0681425752942646,-0.0618049782297548,0.100826209428125,0.0585576143021554,0.0765977582705979,0.0705201763960504
