"","S-BART","T-BART","X-BART","R-LASSO","R-BOOST","CF","BCF","S-RF","T-RF","X-RF"
"1",0.550720517265047,1.76919749345671,1.32700324959661,0.809753137448863,1.63490089939037,1.00280105735868,0.819175939605809,1.99083568058925,2.34867847209108,1.4479550004959
"2",0.536693102892329,1.66637509588382,1.42998636381316,0.542156146984208,0.572156201866313,0.561803349484798,0.879997892622476,1.91178618209949,2.14240982666311,1.12018086248648
"3",0.425985426558253,1.50029537516566,1.11363894171326,0.516280013957193,0.537878732720181,0.551974508552568,1.05258146580035,2.12656686708064,2.3565433999969,1.25592012676396
