"","S-BART","T-BART","X-BART","R-LASSO","R-BOOST","CF","BCF","S-RF","T-RF","X-RF"
"1",0.322044324452193,0.94442136961201,0.778100105313834,0.252627962464712,0.519758558095005,0.332221705194198,0.414865950186707,2.52933738272196,2.54055819428049,1.21520511280081
"2",0.409525077961533,0.888798907982873,0.722935913782177,0.269482161950192,0.620206295822126,0.486927934507513,0.495621419605355,2.56450465621831,2.56398565867491,1.11986224023378
"3",0.285228847146658,0.861886744668601,0.654961799974834,0.240673769170816,0.522915673885939,0.460355851688966,0.340574769562062,2.41291429045353,2.42310718530532,1.1023878710087
