"","S-BART","T-BART","X-BART","R-LASSO","R-BOOST","CF","BCF","S-RF","T-RF","X-RF"
"1",-0.507880526295458,-0.791311692515815,-0.389408417804509,-0.483215220168003,-0.216252146727356,-0.0594018960322443,-0.286169407868306,-0.848075297320543,-0.833374041947462,-0.25232751173031
"2",-0.173688527969718,-0.381401124470915,-0.16874076268776,-0.289653941279863,-0.285061086424325,-0.303632897995028,-0.114954025496606,-0.22393186292606,-0.314487621579697,-0.0679245081804692
"3",0.466920783306605,0.42728799613292,0.430943726732476,0.465945693921058,-0.0122036810291199,0.3275725586777,0.549731855454456,0.347954195598372,0.247950861445853,0.419998960728857
