"","S-BART","T-BART","X-BART","R-LASSO","R-BOOST","CF","BCF","S-RF","T-RF","X-RF"
"1",0.728484610917839,1.75164603344452,1.11703212957205,0.798114859889679,0.638633168878671,0.558486965875413,0.70229314988742,2.16932361633858,2.21530003476548,0.98218714339173
"2",0.791010171509168,1.77811198647293,1.41921573290905,0.724611862588655,0.721427880007087,0.734618383821289,0.890148036392357,1.99397208752568,1.94690056929279,1.43969398459597
"3",0.847861301820515,1.69672126647222,1.39682192770958,0.607094443221492,0.640150242803161,0.577460032976678,1.14766137406991,2.38906108857033,2.52454722291149,1.53649492799346
