"","S-BART","T-BART","X-BART","R-LASSO","R-BOOST","CF","BCF","S-RF","T-RF","X-RF"
"1",-0.507880526295458,-0.791311692515815,-0.389408417804509,-0.483215220168003,-0.216252146727356,-0.0594018960322443,-0.286169407868306,-0.848067665820771,-0.833376976127547,-0.252255409203147
"2",-0.173688527969718,-0.381401124470915,-0.16874076268776,-0.289653941279863,-0.285061086424325,-0.303632897995028,-0.114954025496606,-0.223954961356234,-0.314478817830195,-0.0681083389884558
"3",0.466920783306605,0.42728799613292,0.430943726732476,0.465945693921058,-0.0122036810291199,0.3275725586777,0.549731855454456,0.347964636066387,0.247951994320311,0.420383433566463
