"","S-BART","T-BART","X-BART","R-LASSO","R-BOOST","CF","BCF","S-RF","T-RF","X-RF"
"1",-0.465800846747838,-0.696859555191203,-0.353228461655896,-0.450412340454225,-0.19016590111075,-0.0332339830925742,-0.261996367634503,-0.804474747712292,-0.812476772054189,-0.202008647679155
"2",-0.238819613008186,-0.678313265929079,-0.276510211533047,-0.214445964534897,-0.209853109679359,-0.228742522284326,-0.251372897409552,-0.585154344580604,-0.669536933808064,-0.206847878622679
"3",0.458665641688538,0.316671782323609,0.360505405085108,0.365823120632229,-0.112326254317948,0.227285108628664,0.531820695986669,0.481268498577097,0.41309709302691,0.37831677776846
