"","S-BART","T-BART","X-BART","R-LASSO","R-BOOST","CF","BCF","S-RF","T-RF","X-RF"
"1",0.00375756394230166,0.00358914259526879,0.00371145926446611,0.00377905525149284,0.00392507906984691,0.00392635887247505,0.00375865579779541,0.00322957030311325,0.00322460877835392,0.00375250384295897
"2",0.00356848121982686,0.00343697157107348,0.00350324499509059,0.00365446921877641,0.00365426801299069,0.00365868556015997,0.00347945704125086,0.00313711097137442,0.00313060038017156,0.00351679001145498
"3",0.00373546508885607,0.00360903484352118,0.00370834673382617,0.00380149799167218,0.00380346771333107,0.00380611784074425,0.00375843140781059,0.00322111542323973,0.00320464320073511,0.00370243417162979
