"","S-BART","T-BART","X-BART","R-LASSO","R-BOOST","CF","BCF","S-RF","T-RF","X-RF"
"1",0.092375844024432,0.123774707229747,0.11889938432388,0.011801139829391,-0.143208376363541,-0.105527924048863,0.0947820963540161,0.117131296757523,0.118717141402923,0.118839772541892
"2",-0.0966886563224137,-0.0836293247798971,-0.0786042547012451,-0.0894894956846895,-0.59828601366267,-0.266236220464154,-0.0764598669755771,-0.129033950131137,-0.131562069920735,-0.173234731152939
"3",-0.156935799598081,-0.160447253060911,-0.151022820093533,-0.133538353198112,-0.403879853623379,-0.207476926119535,-0.105447700153011,-0.11950373765625,-0.141248783306304,-0.0629037946068077
