"","S-BART","T-BART","X-BART","R-LASSO","R-BOOST","CF","BCF","S-RF","T-RF","X-RF"
"1",0.871404231675497,1.87887109231467,1.16005607172691,0.892396776936321,0.52254336499369,0.487845258238575,0.740304704131898,2.47876471961418,2.57513444967586,1.05606504624946
"2",0.803823761519675,2.05754465096472,1.29848547868367,0.554077384057282,0.552316035853166,0.559765859372876,0.864942361176311,2.04209618176977,2.12491884088942,1.25415183782196
"3",0.907346160938842,1.51983408278704,1.29092278564919,0.636122913322206,0.532393644471389,0.567877034109296,1.19392027896802,2.15329387924568,2.22480132004309,1.23343730126141
