"","S-BART","T-BART","X-BART","R-LASSO","R-BOOST","CF","BCF","S-RF","T-RF","X-RF"
"1",0.00661279575561954,0.00706964379959879,0.00696083469112027,0.00634640995290428,0.00630407230482458,0.0063304894841186,0.00680701191399766,0.0069649717117027,0.00710955383294609,0.00663865603816961
"2",0.00444220636004303,0.00455966358494194,0.00443972117030132,0.00431650264489675,0.00432160422540732,0.00431905998416432,0.00452126125289815,0.00464751075237593,0.00475095618812254,0.00428031177327049
"3",0.00396827948475503,0.00384901398877976,0.00396784767444773,0.003889559935431,0.00384466071236103,0.00383560722334358,0.00389966709835784,0.00410941400081361,0.00391867492781383,0.00385316163820285
