"","S-BART","T-BART","X-BART","R-LASSO","R-BOOST","CF","BCF","S-RF","T-RF","X-RF"
"1",0.00422410535198284,0.00417224019233189,0.00420621743299736,0.00425102446280525,0.00415656237435946,0.00419255773606391,0.00428078743505119,0.00328848145754423,0.00326053308667873,0.00395766145426874
"2",0.00425288606768332,0.00417671245053978,0.00420920379406627,0.00426762517150396,0.00417198139076952,0.00422187549132942,0.00423360955284714,0.00323400495804672,0.00322570232369086,0.0039673373500054
"3",0.00398297659189238,0.00391993006453952,0.00395064456797646,0.0040023536779013,0.00392907899484199,0.0039394535349874,0.00399730349063779,0.00308984632471444,0.00307475089742749,0.00372271582021169
