"","S-BART","T-BART","X-BART","R-LASSO","R-BOOST","CF","BCF","S-RF","T-RF","X-RF"
"1",0.154578203790981,0.144172740798419,0.136174463726196,0.109403656420288,0.239797620811832,0.189027308988321,0.124665272676312,0.12727600512755,0.117431106870839,0.172494766543565
"2",-0.167316977713275,-0.199775131506369,-0.171938933259552,-0.169750645840087,-0.20566438176068,-0.121591916223688,-0.163817112928673,-0.208142528690349,-0.225009581511463,-0.154147100689902
"3",0.0547734745382052,0.0532530236172613,0.0592975217925628,0.0339501658827994,0.162444966543486,0.136475264754649,0.0584117693369188,0.0399362980920267,0.0578710256982666,0.0696128673035754
