"","S-BART","T-BART","X-BART","R-LASSO","R-BOOST","CF","BCF","S-RF","T-RF","X-RF"
"1",0.00397410237024531,0.00406928180004622,0.0040485160047753,0.00398636238304854,0.00385444776671352,0.00390131835266996,0.00403167437843767,0.00418634533875072,0.00417529786392804,0.00403598525269365
"2",0.00395698811150669,0.00399947474489453,0.00398510423005354,0.00395437187582362,0.00392011181479335,0.00390046371170947,0.0039656652818683,0.00423417531775326,0.00423573720263459,0.00398970171437821
"3",0.00410119548436151,0.00412103745898979,0.00411390232687227,0.0041148454302738,0.00402312357827259,0.00403130547436666,0.0041215990950351,0.00419770205716151,0.00420373156528801,0.00411763262012629
