"","S-BART","T-BART","X-BART","R-LASSO","R-BOOST","CF","BCF","S-RF","T-RF","X-RF"
"1",0.00424003338968373,0.00439484032965638,0.00435063257982792,0.00422529062947983,0.00404357106392934,0.00405947985812983,0.0042599787375433,0.0045717693588998,0.0045662279148052,0.0043262717603925
"2",0.00429743947230663,0.00434286442015768,0.00431189729986812,0.00430613273821827,0.00414791150054513,0.00416900647524443,0.00429171514246912,0.00444933477122975,0.00444499223902642,0.00424834921759921
"3",0.0045620467415584,0.00457418489689783,0.00458150145716363,0.00458517993550557,0.00442496759383497,0.00443419572009103,0.00459667729501475,0.00470094101399689,0.00470099324105929,0.00456967581088959
