"","S-BART","T-BART","X-BART","R-LASSO","R-BOOST","CF","BCF","S-RF","T-RF","X-RF"
"1",0.573615938784186,1.84271555626122,1.4317102365109,1.09136269905446,1.92685416837186,1.28981008246878,0.861298302923786,1.66005344452151,2.0751406036771,1.34723014031845
"2",0.623984871358222,1.83741524110994,1.51295950617238,0.796597101532309,0.840052502880494,0.818262071736267,0.917714413940997,1.97154559242073,2.26078120546661,1.28297389414616
"3",0.538592691600556,1.70523598553865,1.36355829188511,0.546038538446662,0.636978261626247,0.660976967231496,1.13446871769476,1.92887014282952,2.16459341865515,1.49568385270537
