"","S-BART","T-BART","X-BART","R-LASSO","R-BOOST","CF","BCF","S-RF","T-RF","X-RF"
"1",-0.396044838976034,-0.573198139544995,-0.534698527752987,-0.624856051599987,-1.5516590773879,-0.857960598111794,-0.29463478964215,-0.224818366643379,-0.715091169908131,-1.15497382267378
"2",-0.00550833489065503,-0.239982304775698,-0.0780437322788033,-0.202165989177916,-0.272581215056371,-0.237996748131129,0.061706075235083,0.211301123461817,-0.261322166975824,-0.0983427997216202
"3",0.159097838195637,-0.158483696005925,0.330023887050032,0.0320423561676837,-0.154256899002297,-0.194016831052986,0.471344555583531,0.377988477690698,-0.193165494951839,0.111355151421108
