"","S-BART","T-BART","X-BART","R-LASSO","R-BOOST","CF","BCF","S-RF","T-RF","X-RF"
"1",0.148600719809934,0.131642857921444,0.153162740817103,0.151624321536873,0.0492190781125102,0.0849418086877889,0.184865787269595,0.154402595975393,0.150227424592586,0.168910345006047
"2",-0.151541265191932,-0.145901342563874,-0.137859855133669,-0.168966675640278,-0.295166850398464,-0.252821854131317,-0.150659695403846,-0.142268838601142,-0.153851274766978,-0.163802151205396
"3",0.0544054951244944,0.0624478068955545,0.0705877921318629,0.0494018771105497,-0.00999698568304821,-0.0122659630938727,0.076561094273804,0.0693876965190549,0.077252856435854,0.0657880477044757
