"","S-BART","T-BART","X-BART","R-LASSO","R-BOOST","CF","BCF","S-RF","T-RF","X-RF"
"1",0.376133665006591,1.16396595275114,0.944963723230393,0.427053600813844,0.507505303192309,0.434207503854136,0.391713755673409,2.36736192522635,2.35022499946862,1.24889648150279
"2",0.291718291975122,0.925934232106578,0.71553702876142,0.242139322509299,0.640238627483262,0.511241531165111,0.422459521241504,2.12984030105731,2.15306010625203,0.942620576821239
"3",0.364633785588767,0.929803554048768,0.692839598928408,0.379365312392465,0.474272467026701,0.357140114632419,0.391778208391679,2.22273414663992,2.23458873382451,1.09260995120084
