"","S-BART","T-BART","X-BART","R-LASSO","R-BOOST","CF","BCF","S-RF","T-RF","X-RF"
"1",0.413924965224559,1.15863827636671,0.866716595967933,0.367985964133352,0.533192402579689,0.455822287625232,0.409602747912496,2.40708231103634,2.39883312711228,1.20503223932563
"2",0.293934859433166,0.967038661107032,0.663966495742515,0.24920606386357,0.800427842791653,0.594418909355123,0.419779002984597,2.37675132771051,2.40664788706684,1.02501636998066
"3",0.329321987348042,0.920894235791916,0.670521938892034,0.306599707751568,0.57351908805137,0.421492199910013,0.34355919870214,2.28460944646647,2.29655816991073,1.07696939122078
