"","S-BART","T-BART","X-BART","R-LASSO","R-BOOST","CF","BCF","S-RF","T-RF","X-RF"
"1",0.349355651875477,1.12337371711328,0.909684179814323,0.396420595734428,0.490464976916882,0.427808548704415,0.380357717290674,2.04347470557574,2.00625218073574,1.20338858586849
"2",0.291936139402562,0.953049053457808,0.726409412304373,0.244848422158551,0.66414599785858,0.529012034245646,0.409492969630351,1.98365940052101,2.00410638708988,0.934561444748302
"3",0.358817262264453,0.880274231919471,0.695902994681048,0.374990969010646,0.473026770293667,0.350812609201958,0.38180144996977,1.87207717373154,1.88780544309081,1.0837889618975
