"","S-BART","T-BART","X-BART","R-LASSO","R-BOOST","CF","BCF","S-RF","T-RF","X-RF"
"1",0.00485325548527933,0.00484733896436975,0.00482905199844068,0.00490106610014773,0.00469141553919736,0.00472123701981218,0.00485149481509279,0.00423384703556474,0.00422133449675478,0.0046669311802189
"2",0.00497405273330001,0.00489746329869617,0.00497221074236426,0.0048975628097381,0.0048978422046231,0.00491993848299179,0.00510603359497994,0.00418369238055648,0.00420595069757178,0.00477427212224496
"3",0.00413736215620392,0.00402574104055076,0.00403418758849227,0.00408583571082704,0.00409063648056774,0.00410111595956701,0.00401309473946035,0.00352933551590359,0.00353409694975132,0.00391159010493922
