"","S-BART","T-BART","X-BART","R-LASSO","R-BOOST","CF","BCF","S-RF","T-RF","X-RF"
"1",0.413924965224559,1.15863827636671,0.866716595967933,0.367985964133352,0.533192402579689,0.455822287625232,0.409602747912496,2.40708326019257,2.39883198994605,1.205047719142
"2",0.293934859433166,0.967038661107032,0.663966495742515,0.24920606386357,0.800427842791653,0.594418909355123,0.419779002984597,2.37674494868132,2.4066408639261,1.02420157710576
"3",0.329321987348042,0.920894235791916,0.670521938892034,0.306599707751568,0.57351908805137,0.421492199910013,0.34355919870214,2.28461173377789,2.29655416629869,1.07797577429225
