"","S-BART","T-BART","X-BART","R-LASSO","R-BOOST","CF","BCF","S-RF","T-RF","X-RF"
"1",0.145864699983743,0.119239131503278,0.158184089764763,0.147041305419874,0.0457433951180588,0.0746093716073995,0.196839220632328,-0.00986379988160282,-0.019706319484941,0.0631047169092489
"2",-0.166067076983697,-0.186585289074729,-0.14400076188534,-0.167325009624093,-0.315144097470136,-0.232403573036102,-0.164727074639829,-0.141198126529889,-0.133938571689728,-0.150514862858876
"3",0.0610091026416486,0.100415450162221,0.1112468454557,0.0497478732981744,-0.0681425752942646,-0.0618049782297548,0.100826209428125,0.0585600448900796,0.0765992773880505,0.0701707438709438
