"","S-BART","T-BART","X-BART","R-LASSO","R-BOOST","CF","BCF","S-RF","T-RF","X-RF"
"1",-0.302239823053201,-0.254410632096451,-0.260687593988083,-0.328269701988325,-0.384154675972884,-0.227222757954708,-0.197504198684856,-0.11824564157459,-0.0939975748057383,-0.168566734360856
"2",-0.242593510633668,-0.202230257685434,-0.198250117186858,-0.503527741882267,-0.498934887026729,-0.517824299631696,-0.115824145322849,-0.145554936177677,-0.200609595873647,-0.313564622093974
"3",0.247147466213619,0.0240942939184309,0.0209201635970298,0.195961935968482,-0.282187438981696,0.0574239239649163,0.215125229479274,-0.0934063204730141,-0.228872863689164,-0.0206000221002797
