"","S-BART","T-BART","X-BART","R-LASSO","R-BOOST","CF","BCF","S-RF","T-RF","X-RF"
"1",0.588428378650848,1.56931770779182,1.24300466368483,0.858779865887866,1.69296080403974,1.05412284819419,0.796541000932223,1.7618612240873,2.15114657126998,1.48853987297263
"2",0.610907500465622,1.6506077810549,1.43745408159491,0.574697469103842,0.599937319957606,0.586633443666709,0.926960999873482,1.8813921307974,2.20510558080811,1.18494930581735
"3",0.428208256177001,1.73256160297542,1.27797652826178,0.517675603711906,0.568127644023318,0.585592135362602,1.03850191083751,2.19956516517443,2.47633753553039,1.30620425892566
