"","S-BART","T-BART","X-BART","R-LASSO","R-BOOST","CF","BCF","S-RF","T-RF","X-RF"
"1",0.0043110455498085,0.00427581407829875,0.00432506920139694,0.004171924593186,0.00416785250525719,0.00419500986735695,0.0044245198512584,0.00378938357501879,0.00374503247448649,0.00413018120893255
"2",0.00489045376657657,0.00483056192938534,0.00484955759770645,0.00483812134117218,0.00483188875990689,0.00487157895699087,0.0049118294420967,0.00428285669738331,0.00424873249080555,0.00474435257839874
"3",0.00520534624136625,0.00500089064311138,0.00504072093452031,0.0051615822310163,0.00515817275820333,0.0051905887930591,0.00490004389693658,0.00468675684612006,0.00443033754507282,0.00481816376532121
