"","S-BART","T-BART","X-BART","R-LASSO","R-BOOST","CF","BCF","S-RF","T-RF","X-RF"
"1",0.350010832009956,0.978285682484602,0.814024688024516,0.264028195405296,0.570228042848704,0.359190207876611,0.386851758426968,2.39675604555228,2.39915627185388,1.20324945803151
"2",0.379212959494896,0.842798437563399,0.712044147657013,0.260136522035629,0.566582563009836,0.429707869801287,0.486861320594104,2.348973821393,2.35412228399499,1.04310059434206
"3",0.292265565808113,0.868571379530449,0.664218332488312,0.23717231269536,0.538619109666727,0.466642306105339,0.352458715232989,2.3358201257185,2.33956041818087,1.05274930916062
