"","S-BART","T-BART","X-BART","R-LASSO","R-BOOST","CF","BCF","S-RF","T-RF","X-RF"
"1",0.0132947369808911,0.091236370806269,0.0851225212092338,-0.068500537188701,0.0780364215497717,0.0804424581064416,0.0222370461712458,0.108690630352273,0.0898345923861199,0.169269474383857
"2",-0.103021391649987,-0.103335866459051,-0.118741963016773,-0.105537346645816,-0.408787637397288,-0.0766234846114715,-0.0793916402117974,-0.0880521709415616,-0.105724886795814,-0.15743964720672
"3",-0.196856215760232,-0.227286779446674,-0.217639627521362,-0.197916078010487,-0.270823692772986,-0.0790073076198616,-0.185217088492915,-0.162003486955314,-0.17814860644761,-0.035256608682523
