"","S-BART","T-BART","X-BART","R-LASSO","R-BOOST","CF","BCF","S-RF","T-RF","X-RF"
"1",0.324569057618939,0.9684298990526,0.784950714023601,0.254781168623615,0.535401187948796,0.336309493629251,0.446347543130901,2.1992782791024,2.19768838706408,1.15741574613171
"2",0.399714421442177,0.874936573711492,0.723289583524695,0.265781919041998,0.635890938501476,0.475896708151751,0.49219973859214,2.16612386781616,2.16192572806041,1.0510693856283
"3",0.29198127655484,0.866923718757105,0.655352942259862,0.248870157584665,0.523028643565959,0.465239918913045,0.336584874284472,2.16789912773779,2.16858537500738,1.04605450181995
