"","S-BART","T-BART","X-BART","R-LASSO","R-BOOST","CF","BCF","S-RF","T-RF","X-RF"
"1",0.322044324452193,0.94442136961201,0.778100105313834,0.252627962464712,0.519758558095005,0.332221705194198,0.414865950186707,2.52933812725155,2.5405632091361,1.21573341105448
"2",0.409525077961533,0.888798907982873,0.722935913782177,0.269482161950192,0.620206295822126,0.486927934507513,0.495621419605355,2.56450669291785,2.56398735263037,1.12005693013935
"3",0.285228847146658,0.861886744668601,0.654961799974834,0.240673769170816,0.522915673885939,0.460355851688966,0.340574769562062,2.41291565124178,2.42310874387215,1.10304957042631
