"","S-BART","T-BART","X-BART","R-LASSO","R-BOOST","CF","BCF","S-RF","T-RF","X-RF"
"1",0.376133665006591,1.16396595275114,0.944963723230393,0.427053600813844,0.507505303192309,0.434207503854136,0.391713755673409,2.36736389850031,2.35022591865696,1.24867543366724
"2",0.291718291975122,0.925934232106578,0.71553702876142,0.242139322509299,0.640238627483262,0.511241531165111,0.422459521241504,2.12983590065899,2.15305587389184,0.942066939535574
"3",0.364633785588767,0.929803554048768,0.692839598928408,0.379365312392465,0.474272467026701,0.357140114632419,0.391778208391679,2.22273350560585,2.23459060542401,1.0936262448216
