"","S-BART","T-BART","X-BART","R-LASSO","R-BOOST","CF","BCF","S-RF","T-RF","X-RF"
"1",0.00449394136440594,0.00423575231692577,0.00435016518814454,0.00462825831617089,0.00467085820662197,0.00464902333271301,0.00438722442784672,0.0040618887989675,0.00400588861863743,0.00447132073389435
"2",0.00345652389213937,0.00329154161333711,0.00337630771516682,0.00355037844060939,0.00355402009957932,0.00356008292438603,0.00338286389067648,0.00308348684204288,0.00304679728820714,0.00341765248295363
"3",0.00409098577936351,0.00397113812013956,0.00408250663012843,0.00414668538725371,0.00414879401686845,0.00415870011040008,0.00419046946681262,0.00365611826791396,0.00367223779938499,0.00412819523094947
