"","S-BART","T-BART","X-BART","R-LASSO","R-BOOST","CF","BCF","S-RF","T-RF","X-RF"
"1",0.404938490978946,1.188951403292,0.888776616831729,0.355035872485764,0.532594117985871,0.455890877693914,0.412604442286623,2.25673586732322,2.24547884843212,1.18639544194088
"2",0.27408859570368,0.923848313176089,0.662046362544167,0.244858947257474,0.784127029044164,0.580292093198706,0.394852835253966,1.97835968382528,2.00806972332071,0.985536681990272
"3",0.312082940868168,0.924460895445009,0.6854591616916,0.281387726326501,0.598788706773062,0.442642031162506,0.337323351034103,1.93872241780432,1.92826071651723,1.01653178699752
