"","S-BART","T-BART","X-BART","R-LASSO","R-BOOST","CF","BCF","S-RF","T-RF","X-RF"
"1",-0.396044838976034,-0.573198139544995,-0.534698527752987,-0.624856051599987,-1.5516590773879,-0.857960598111794,-0.29463478964215,-0.224805766012334,-0.71508107894634,-1.15512374314716
"2",-0.00550833489065503,-0.239982304775698,-0.0780437322788033,-0.202165989177916,-0.272581215056371,-0.237996748131129,0.061706075235083,0.211306284037122,-0.261317677275308,-0.0985493394645866
"3",0.159097838195637,-0.158483696005925,0.330023887050032,0.0320423561676837,-0.154256899002297,-0.194016831052986,0.471344555583531,0.377995199624206,-0.193163341832513,0.111179114599936
