"","S-BART","T-BART","X-BART","R-LASSO","R-BOOST","CF","BCF","S-RF","T-RF","X-RF"
"1",0.351403811916674,0.959608455422244,0.791712428678132,0.268889701279068,0.566149250599823,0.360649226318746,0.395430026088662,2.1582731383381,2.15409576718325,1.20253173763647
"2",0.374726455972704,0.842972293777777,0.709760540708328,0.260832986515368,0.580391138842026,0.431293048760689,0.493002643860858,2.19778040857171,2.17983323344304,1.0510645069388
"3",0.29894570530766,0.904160540009052,0.673252708894949,0.235867555865938,0.548043263215395,0.474568313134739,0.359403624533188,2.06368995882969,2.05949396568324,1.02200928232141
