"","S-BART","T-BART","X-BART","R-LASSO","R-BOOST","CF","BCF","S-RF","T-RF","X-RF"
"1",0.902773122200316,1.90990902522448,1.16409554093677,0.931075133167956,0.562751030047611,0.526552019306857,0.758523276338159,2.61782566457489,2.70919254080799,1.08522954509914
"2",0.757736920159422,1.73465078672697,1.26963964308992,0.584199405174339,0.581935874732354,0.591272729712521,0.851639839541113,2.1787594842014,2.2081456053985,1.1408749462111
"3",0.897593128278729,1.58047879490048,1.35253672600619,0.684903216645171,0.502131413394926,0.599172106799695,1.19962985656918,2.37903093620312,2.46554648165402,1.25342532109145
