"","S-BART","T-BART","X-BART","R-LASSO","R-BOOST","CF","BCF","S-RF","T-RF","X-RF"
"1",-0.414608469414216,-0.365805121932971,-0.436937344894359,-0.684961929354671,-1.61176495514259,-0.918065883091141,-0.269598196880253,-0.0605539258514323,-0.593362825730888,-1.15837914198929
"2",-0.0279222168726925,-0.40414989364063,-0.179788451209071,-0.175312246321956,-0.245727472200412,-0.211177650200845,-0.03451824460446,-0.182088702879806,-0.704490416713172,-0.276512570202494
"3",0.125850093483829,0.0174458881349837,0.381941992885709,-0.0538745491220425,-0.240173804292023,-0.278984919598082,0.350597775831029,0.477627870170758,-0.158638493558586,0.137969722493695
