CMGP,NSGP,Logistic
0.0,0.09136223793029785,0.0
0.0,0.10876750946044922,0.0
0.0,0.07999587059020996,0.0
