CMGP,NSGP,Logistic
28.884618759155273,16.00373101234436,0.25379252433776855
48.14151644706726,29.000539541244507,0.25061941146850586
24.2455997467041,26.100139617919922,0.26519322395324707
