CMGP,NSGP,Logistic
0.0,0.09680628776550293,0.0
0.0,0.1024160385131836,0.0
0.0,0.07250857353210449,0.0
