CMGP,NSGP,Logistic
97.90394854545593,0.06639361381530762,0.0
63.10176181793213,0.05752921104431152,0.0
70.52913641929626,0.052839040756225586,0.0
