CMGP,NSGP,Logistic
74.22024011611938,56.09885311126709,0.250946044921875
44.94497585296631,42.598084449768066,0.2372288703918457
48.860018253326416,38.31167435646057,0.24472284317016602
