CMGP,NSGP,Logistic
0.0,0.1899402141571045,0.0
0.0,0.42853307723999023,0.0
0.0,0.26796531677246094,0.0
