CMGP,NSGP,Logistic
560.7603750228882,234.99788308143616,0.3052065372467041
539.7807559967041,573.6181755065918,0.2982215881347656
451.1875650882721,549.2959985733032,0.2110450267791748
