CMGP,NSGP,Logistic
1969.5557928085327,1080.2918298244476,0.24478483200073242
800.0430781841278,722.2974727153778,0.25047802925109863
839.4765264987946,677.9903774261475,0.3268110752105713
