CMGP,NSGP,Logistic
168.03136324882507,0.03898763656616211,0.0
309.6574923992157,0.05220532417297363,0.0
135.2285487651825,0.06921172142028809,0.0
