CMGP,NSGP,Logistic
272.1226556301117,0.05089521408081055,0.0
