CMGP,NSGP,Logistic
0.0,0.16596603393554688,0.0
0.0,0.18172359466552734,0.0
0.0,0.17122912406921387,0.0
