CMGP,NSGP,Logistic
53.310439586639404,0.05133223533630371,0.0
71.29213356971741,0.09493565559387207,0.0
30.678242683410645,0.07200479507446289,0.0
