CMGP,NSGP,Logistic
8438.937667131424,0.20313668251037598,0.0
3236.323137998581,0.9416468143463135,0.0
3290.327038526535,0.24293732643127441,0.0
