CMGP,NSGP,Logistic
1034.5675535202026,0.18698883056640625,0.0
796.2377517223358,0.19120192527770996,0.0
936.7001619338989,0.47644686698913574,0.0
