CMGP,NSGP,Logistic
444.62669563293457,0.06689953804016113,0.0
231.39474153518677,0.03607296943664551,0.0
417.5350875854492,0.13450002670288086,0.0
