CMGP,NSGP,Logistic
2179.5784244537354,0.9268319606781006,0.0
2611.6290028095245,1.2959067821502686,0.0
1974.661937713623,0.3121962547302246,0.0
