CMGP,NSGP
5.743745707736305,5.743588004914022
5.710008351104562,5.679456252213379
5.754631444083412,5.754323869840156
