CMGP,NSGP
5.935305637900373,5.935113640209887
5.935072373705782,5.929709936047306
5.956171947713462,5.9558773471712545
