CMGP,NSGP
5.7765364759476,5.776358801060014
5.786934124140658,5.7873431457451465
5.771504558727137,5.771258043414294
