CMGP,NSGP
5.96000980618419,5.959809804917603
5.961908584107287,5.959886742702603
5.9130829403827825,5.912774177492114
