CMGP,NSGP
0.5803573015513205,0.580339592505518
0.5813831866284512,0.5814226321182969
0.5797327907124418,0.5797081102622147
