CMGP,NSGP
0.5771198170322768,0.5771041067945274
0.5738189813736535,0.5708464042493633
0.5785156015090055,0.5784852084741291
