CMGP,NSGP
0.5978485068264444,0.5978285781104394
0.5985156562743141,0.5982912080446185
0.5933469659441502,0.59331619504188
