CMGP,NSGP
0.5958307213981907,0.5958115971184835
0.5956172475227107,0.5950704783081948
0.5978447198842997,0.5978153734212391
