CMGP,NSGP
5.982215767069028,5.982215606187737
5.976426154574768,5.976373622998212
5.985229873050687,5.985227592732784
5.992006972888294,5.991987756193993
5.97518825939381,5.975150954115282
5.9951199117529725,5.994995212443923
5.986985973188379,5.987882155746024
