CMGP,NSGP
5.960693187142953,5.960695095959243
5.954574802451931,5.954522177477911
5.963272519901367,5.963270236638874
5.969452827119646,5.969436154375068
5.9525285817617135,5.952491312052124
5.972883354206237,5.972778915577384
5.964364832713259,5.965261635029676
