CMGP,NSGP
5.8296528079089205,5.829372160961191
5.78399985749512,5.7839510414273345
5.789656431736132,5.789654301834922
5.798740875218393,5.798729022893427
5.8172089851418285,5.817176448902347
5.80119965619123,5.8010511437703185
5.775573811519428,5.7764135170498125
