CMGP,NSGP
5.805930941722238,5.8055531142766075
5.76126201172487,5.76121309405185
5.7650680933181535,5.76506596358657
5.776100036606254,5.776091005000383
5.792822352946215,5.792789880106408
5.778579189206938,5.77836080524228
5.750568992412577,5.751411112712605
