"","CATT_Train_Bias","CATT_Test_Bias","CATT_Train_PEHE","CATT_Test_PEHE","CATT_Train_RLOSS","CATT_Test_RLOSS","CATC_Train_Bias","CATC_Test_Bias","CATC_Train_PEHE","CATC_Test_PEHE","CATC_Train_RLOSS","CATC_Test_RLOSS"
"S-BART",0.341806387718914,0.343057472394487,0.198190719080849,0.197633233318078,0.00137111910372092,0.00329585866594882,0.342088717054249,0.351123494270909,0.202705500400998,0.209939115624366,0.00157293211271543,0.00366341848502109
"T-BART",0.36978617843472,0.397044305374316,0.204223965503849,0.213668287883286,0.00137905098580308,0.00331045145376196,0.379518461057765,0.438077325141696,0.213222263799444,0.221109981019193,0.00161232218192753,0.00379881003700404
"X-BART",0.367866048848132,0.383473473211022,0.233452091689329,0.240453175051685,0.00137271234277224,0.00331116571686443,0.365383578319828,0.400779564429127,0.225720168948224,0.243536915298017,0.00158609262646134,0.00375600256985273
"R-LASSO",0.354700569800351,0.352822108394766,0.322072868080791,0.317572077165132,0.00137882606297797,0.00333539852547592,0.363338970275768,0.377890095157018,0.356228481842059,0.37046919720338,0.00152725505683295,0.00351754232109708
"R-BOOST",0.601818841558797,0.597197356365069,0.680110330848457,0.672393836590425,0.00153177618075142,0.00353615406108288,0.550988356736962,0.605800879628462,0.703627475711234,0.733120538321781,0.00240649298782036,0.00345360689530777
"CF",0.371706799413197,0.379982808388672,0.247516457679262,0.246741067560789,0.00138223373313891,0.00330281425219522,0.381456140969073,0.404323359124717,0.238508243937979,0.270847029086342,0.00163052150232228,0.00370243985483618
"BCF",0.356604859043528,0.362777085451448,0.222342064744632,0.22108039486608,0.00137922432081454,0.00326510727713795,0.379453851632525,0.394945763268809,0.24092161036062,0.246311266057098,0.00158320381643917,0.00377461736981681
