"","CATT_Train_Bias","CATT_Test_Bias","CATT_Train_PEHE","CATT_Test_PEHE","CATT_Train_RLOSS","CATT_Test_RLOSS","CATC_Train_Bias","CATC_Test_Bias","CATC_Train_PEHE","CATC_Test_PEHE","CATC_Train_RLOSS","CATC_Test_RLOSS"
"S-BART",-0.80014187899214,-0.792610599025629,1.84391265301397,1.84315605977471,0.150771470894581,0.152412048891724,-0.922995236939922,-0.915671780350477,1.8950899987529,1.90836670884088,0.191200355724363,0.191192077151478
"T-BART",-1.77774956349983,-1.75075365462665,6.65214253428226,6.61331135743841,0.147808859273895,0.151755668818555,-0.991768450526942,-0.942501119547951,6.78138703657924,6.72331690895067,0.185874821429294,0.192598739354864
"X-BART",-0.533637240145785,-0.513374913069258,5.08701712361864,5.05044128543305,0.149810167011913,0.15268881320194,-1.38280079583497,-1.29541205276734,5.06335036243581,5.04289185654249,0.187267378420512,0.192726623922314
"R-LASSO",-1.48582857210634,-1.47228039578692,2.26815043146902,2.25137666654591,0.151011759411579,0.152490758728679,-1.85153876837796,-1.85544556413058,2.49555706431617,2.50840240767229,0.19154055225993,0.190972051818066
"R-BOOST",-5.79243119336813,-5.64221071249484,12.1015337197794,11.9322569628926,0.147596769238303,0.153321526925708,-5.82087710518511,-5.85478192539552,12.3316924862773,12.1198821053874,0.17841694937122,0.196507445090343
"CF",-1.41792831551082,-1.39561579050868,5.39367959561679,5.36930437025479,0.151336586793598,0.152271213672786,-1.9560772352113,-1.87734388076349,5.49255668132774,5.40980733627436,0.193914976835048,0.191813066636526
"BCF",0.724647513150271,0.737687781741925,2.87156313289565,2.87114586470998,0.150571069913505,0.152502613009389,0.159494433592345,0.187951983634311,2.85557074243419,2.86974034642951,0.189599854483756,0.191673397676251
