"","S-BART","T-BART","X-BART","R-LASSO","R-BOOST","CF","BCF"
"1",2.6110133375231,7.19096233254324,5.85406085816299,3.82471761875081,12.0741133168665,4.99778755158031,3.58763093343807
"2",2.95657926814941,6.64258541760557,4.57511172808969,3.34341106575491,12.8315640725817,5.97030422690139,2.10391611123014
"3",0.852095766876095,6.10673986425031,3.76607341747103,1.7677777802115,8.21604608319229,4.44339639025121,1.71928541350901
"4",1.80909508831385,5.54513879751512,3.43635627540524,2.69253764686248,8.63762918743112,4.83622267916301,1.41275096856736
"5",1.19121735165346,6.78506496410371,3.98668910945604,2.31698185640831,12.8184736217988,4.96732131385843,1.46771465054394
