"","S-BART","T-BART","X-BART","R-LASSO","R-BOOST","CF","BCF"
"1",0.0425531701741327,0.0817812445034919,0.0767068796309097,0.0335073448862098,0.0489074886331599,0.0261251642649927,0.0493795057909368
