"","S-BART","T-BART","X-BART","R-LASSO","R-BOOST","CF","BCF"
"1",0.182596765010411,0.175815789103589,0.17848720178064,0.183538583319952,0.180419130193311,0.18453490575856,0.181510745064531
