"","S-BART","T-BART","X-BART","R-LASSO","R-BOOST","CF","BCF"
"1",2.91452795626006,7.88490506029983,6.70098841500044,4.41796386569925,12.5521209508054,5.87675956759854,4.05792786258811
"2",2.96379841738632,6.69632272287406,4.78919847297615,3.31915944325103,13.8355795066048,6.07080791206873,2.27519517732828
"3",0.771340666691931,5.73793526948143,3.18592920844633,1.73129124732993,8.92942890473379,4.60780443206532,1.53595327325652
"4",1.78475196624955,5.4709729312686,3.30826808609937,2.62808968086298,9.48134858883453,4.5465605979931,1.30573783700286
"5",1.20786792691378,6.64971466141517,4.04231140200572,2.32271752017783,13.7833253044322,5.24336832202295,1.46044355363229
