"","S-BART","T-BART","X-BART","R-LASSO","R-BOOST","CF","BCF"
"1",0.19796059950903,0.198763390947727,0.199292885140974,0.197804685070077,0.199623972507486,0.197555106893394,0.198442158206695
