"","S-BART","T-BART","X-BART","R-LASSO","R-BOOST","CF","BCF"
"1",0.0398478066131383,0.0835414365748355,0.0790795222972052,0.0326310086546088,0.0539048990025162,0.0254953989807185,0.0455177324972848
