"","S-BART","T-BART","X-BART","R-LASSO","R-BOOST","CF","BCF"
"1",0.229512960954528,0.229677892237587,0.231217392749728,0.228585258919413,0.231263353242509,0.22724847165774,0.23083807695303
"2",0.184030853552392,0.191096141216432,0.186701952454869,0.1834111965324,0.197423655209045,0.186234631634584,0.183578392467174
"3",0.174854502070091,0.170010648305267,0.173450685552799,0.175533423234456,0.174750297664082,0.17379708699093,0.1747157000906
"4",0.181964677550561,0.180243688904016,0.18149723106688,0.182235856813766,0.179721696651004,0.180326978918656,0.181346952199465
"5",0.199411446551693,0.195677151295459,0.197666170479547,0.19935557273718,0.1999337974394,0.198563700449409,0.199286589364696
