"","S-BART","T-BART","X-BART","R-LASSO","R-BOOST","CF","BCF"
"1",0.0388104436013838,0.075949557504374,0.0726189631530216,0.0317646860708747,0.0599528042350425,0.0244163725203584,0.0434744469945545
