"","S-BART","T-BART","X-BART","R-LASSO","R-BOOST","CF","BCF"
"1",2.5153959989281,2.25434972543055,2.3732567764295,1.85376649942154,-0.0740860175241205,1.50532462911092,3.41883673357329
"2",-2.92120842909453,-3.04735063553828,-3.20134035318334,-3.26777006725929,-5.73312546248565,-4.10061113687799,-1.33336228115102
"3",-0.169465694366509,-0.668158529968194,-0.64810618956163,-1.65301157682353,-5.84676450937545,-0.888777519812916,0.893218547036606
"4",-1.63275501006373,-1.95483850338087,-1.8160228892511,-2.57262354029193,-7.06713518109206,-3.1641259736429,-0.213199752392693
"5",-0.921107787672163,-0.8227832279692,-1.19304664781797,-2.25561225625575,-8.69236109819659,-2.9647254053096,0.0410479167027156
