"","S-BART","T-BART","X-BART","R-LASSO","R-BOOST","CF","BCF"
"1",0.0409172984069701,0.0409143576118083,0.0458579817114078,0.0331526819833493,-0.00560989063984806,0.0256687040817907,0.0449723058367538
