"","S-BART","T-BART","X-BART","R-LASSO","R-BOOST","CF","BCF"
"1",2.84792135926586,3.23314607035481,3.86041249455265,2.61834514129366,1.48710455270437,2.58532800708759,3.88290485797186
"2",-3.0589651613797,-4.55330289573312,-3.08660112333454,-3.08537588500181,-6.37964227985687,-4.13414195228295,-1.04167342394029
"3",-0.0287927122410895,-1.33296299057666,0.400438469586815,-1.4678561730332,-4.41391472596264,-0.0433618206034828,1.41352504850141
"4",-1.60368266186814,-3.132011376995,-1.5862710747772,-2.41458307237203,-6.79063728884907,-3.21411852292457,0.065720681145687
"5",-1.15915366273788,-2.94866171625672,-1.20971516727247,-2.03677366589478,-8.39035879120706,-2.40264306318809,0.0232196912578842
