"","S-BART","T-BART","X-BART","R-LASSO","R-BOOST","CF","BCF"
"1",3.12177676705531,6.15499314927953,6.80027250377156,4.37026771420217,12.8156860522976,5.3810553852062,4.28741929936838
"2",3.05259401213465,7.12849772596115,4.8916494839738,3.12996890620539,13.4094458327044,6.34611727276896,2.02956040050786
"3",0.796177486731121,6.04305489669481,3.64705517924104,1.5397298885872,8.31330117574847,4.6676913903591,1.95140547287093
"4",1.66799855085512,5.47169525199475,2.99710285612334,2.45658672270464,8.73062491216979,4.28680774802325,1.4017954097535
"5",1.28337910448696,6.77452569191575,3.90212160701213,2.13053111869192,13.5313347550619,5.41570265562929,1.58466662640369
