"","S-BART","T-BART","X-BART","R-LASSO","R-BOOST","CF","BCF"
"1",0.153377596624023,0.153771672924405,0.153954846026682,0.154083340435469,0.155153451145463,0.153528825894698,0.153427361232197
"2",0.158160351838581,0.155562833171862,0.157440345328316,0.158482125544222,0.156876909685094,0.157124642432888,0.157435611823658
"3",0.141958639204176,0.14177157233712,0.14167026081708,0.141793975972555,0.140708457636895,0.141254503197771,0.142023646591136
"4",0.160499940193126,0.15893480137162,0.160039218127408,0.16077175484572,0.160009271047467,0.159957754970506,0.160363203004629
"5",0.179458403929673,0.180665784119053,0.180557680169556,0.179460372042337,0.182374834298686,0.179875988399357,0.17957822960345
