"","S-BART","T-BART","X-BART","R-LASSO","R-BOOST","CF","BCF"
"1",0.150786348427964,0.152528776360823,0.151674670405657,0.150950081633491,0.151911861154787,0.150898514275276,0.150808471478079
