"","S-BART","T-BART","X-BART","R-LASSO","R-BOOST","CF","BCF"
"1",0.042327984641818,0.0807562411667067,0.0739507379135895,0.0342625453761962,0.0464197514362198,0.0268692992421767,0.0490857561940167
