"","S-BART","T-BART","X-BART","R-LASSO","R-BOOST","CF","BCF"
"1",2.84272315272181,2.89509906085766,3.61915189185552,2.44464806544843,0.492212293969897,1.98845378690716,3.82615895629365
"2",-3.01852035285102,-4.5157184319966,-3.40885280845655,-3.08682047255368,-6.57435839379218,-4.47504710989244,-1.20395972444766
"3",-0.0155503093200621,-1.29263195785661,0.142885315653544,-1.45740397528148,-4.72848410679209,-0.404055737672106,1.37586582735811
"4",-1.49535497613982,-2.66267849108209,-1.27326268893806,-2.39695790002177,-6.9378226279755,-3.05297210857218,0.128375682474037
"5",-1.03274510509777,-2.31856226357963,-0.90689865036501,-2.07493902164819,-8.3285647796969,-2.2563954265702,0.241475571179696
