"","S-BART","T-BART","X-BART","R-LASSO","R-BOOST","CF","BCF"
"1",0.163482590782349,0.16142166064298,0.162392926129898,0.163616934214595,0.162766719471985,0.163903367250219,0.163568448500781
