"","S-BART","T-BART","X-BART","R-LASSO","R-BOOST","CF","BCF"
"1",0.0368742787570984,0.0223750722524079,0.0263663797357973,0.0313233126504614,-0.0234423178173503,0.0238393347489028,0.0375427077319346
