CMGP,NSGP
0.9507195487980181,0.7971051487927233
0.3139083757880109,0.2190237117674288
0.4487200233736897,0.2156124159625164
0.26953401889578316,0.2681778720134963
0.5549945292911301,0.5380984955100709
0.4298919592818023,0.4251799752624256
0.6968554914682606,0.6351597696084048
0.6392176084128937,0.6006418719716925
1.3187712991943954,1.1611044967481212
0.5301276813323293,0.5661469557294524
