CMGP,NSGP
1.6644156924261717,1.5251163950705122
0.38815417701609073,0.2794771949419513
0.47674554486246773,0.258633915207918
0.3164159879754387,0.31261937871237
0.773339491996559,0.7407785686750133
0.43366282608438583,0.4504732136796196
0.84826432307812,0.8401761963665318
0.763953334587497,0.7239055210260255
1.1393245654264557,0.9561723444849018
0.42185225606040067,0.48178112707536613
