CMGP,NSGP
0.5130457591871934,0.26683502184575214
-0.05723379072726236,0.008685707545724203
-0.10954026466997956,-0.07979830346750535
-0.1682057275999575,-0.1639668522381178
0.4358158749814114,0.40982311247475756
0.04822327415197848,0.06317501812969391
0.1377424737092726,0.0596902043366132
0.21321884925103268,0.22657684585583626
0.2749708871643093,0.12819042288125024
0.1922087200287922,0.24390258370287957
