CMGP,NSGP
0.07196065923963295,0.01297475766803955
0.04998548631694722,0.0426587917085834
-0.12575260665393828,-0.1108570559705599
-0.10943644651273784,-0.1103678544660412
0.15317116374963133,0.15449210825803594
0.12187785942770606,0.10081532654040737
0.11083772124265712,0.09655639199504068
0.2064015578187468,0.21038564276471436
0.46841239949399804,0.41049392173595567
-0.04497243095226906,-0.04198934951680623
