"","S-BART","T-BART","X-BART","R-LASSO","R-BOOST","CF","BCF"
"1",-0.164489149520277,-1.10260390756085,-0.624906169139819,-0.572556473049844,-5.24395659676946,0.0716565593238933,0.686709803967461
"2",0.730155366277793,0.108310592365426,0.64062295228766,0.195271160266797,-3.49042330170158,0.249561036997436,2.9550367026794
"3",1.15737692803662,1.43562973754094,1.09040830188555,0.836587108617509,-1.24946675649918,-0.0908674872854909,3.26178502730095
"4",0.191034960236659,0.377702373549704,0.34643187570941,-0.814682772298854,-6.18247123865649,-1.06474290441275,0.324693384301815
"5",-0.528427956573112,-1.66105306430595,-1.45554764177489,0.0389395409471621,-4.96511294573982,-1.13597949384135,1.97223369944371
"6",2.62763955287722,1.56041203992376,1.88110889021776,1.76929524434579,-3.17662043217855,1.6128485786447,2.85409149763247
"7",2.38981125491107,2.07262021614698,2.5336890565593,3.10724041677154,1.38212058177027,2.30568549977271,4.64662506931375
