"","S-BART","T-BART","X-BART","R-LASSO","R-BOOST","CF","BCF"
"1",0.123506853245493,0.124449241076394,0.124124669880683,0.12438016864646,0.12514471430743,0.123706222754858,0.123512078545196
"2",0.122521744735939,0.121739308439065,0.122066201739954,0.122695926534095,0.123223878895671,0.122685331063435,0.122069633746223
"3",0.121706110177673,0.121529506103314,0.121197551437675,0.121690911933272,0.122751183928062,0.121805032705727,0.121484047008568
"4",0.112505706174116,0.114289208794919,0.114304262764037,0.112750662752227,0.114875902705295,0.111921320758618,0.112922796227984
"5",0.137469559704087,0.137781949576259,0.137717184955145,0.137273266141588,0.138480095556513,0.137639340270162,0.136783507639293
"6",0.126589464354241,0.126781823381135,0.126528350320309,0.126801919531915,0.127034863786827,0.126865796349606,0.126400155780639
"7",0.122769559403931,0.122535783746991,0.122858102832737,0.122723321465345,0.122058103049907,0.122787733221279,0.122666605357763
