"","S-BART","T-BART","X-BART","R-LASSO","R-BOOST","CF","BCF"
"1",0.12192897763331,0.376134684334014,0.215748804136585,-0.197843825426889,-4.4679929095672,-0.118745166434691,1.08294725485189
"2",0.599643064742431,0.830225291021023,0.486903728168721,0.034911691676031,-3.63454278467425,0.0885427563940139,2.79641273831462
"3",0.682180584924232,-0.440426301434489,-0.279499958435428,0.608487712586597,-2.27571546677343,-0.320807959097253,2.84139981321365
"4",-0.554152259391025,-0.935160733886979,-1.0897883570017,-1.82341314926955,-7.01430489637088,-1.30080843536505,-0.554235086557794
"5",-0.476879028406115,-1.59884163952526,-1.3304591812989,-0.0357888678575941,-4.98965351727974,-1.20682425389499,1.92306737093805
"6",2.72411204206597,3.91112771858211,2.71980665856839,1.0694645530294,-2.52187487738621,1.14294914272938,3.166274416494
"7",2.18873894187163,2.10128426653245,1.76405498257503,2.93182195643877,0.527468597400213,2.13022676609088,4.37569249078822
