"","S-BART","T-BART","X-BART","R-LASSO","R-BOOST","CF","BCF"
"1",1.42388832487447,6.12646367632812,5.66697159264494,4.65769390153631,6.99606154192013,0.585618136636633,2.78654607333156
"2",1.23940064616832,4.4962212749926,3.68927680650858,0.547539859771992,6.42232837491644,0.55498616828833,3.03635795916254
"3",1.08373581785879,4.02898847485214,3.17166322239835,0.798180635517165,4.74800799213487,0.609013169639295,2.94600263187049
"4",2.89254326199001,7.28986013423679,7.20463006708393,3.76171419977918,9.69979675278654,1.41902179795674,3.85788403275004
"5",1.26435097657809,5.9266183573352,5.13109176460117,0.573944707888637,7.58901269198559,1.33587292226471,2.26308303657234
"6",3.72883344287755,9.8962844888374,8.81293271861667,3.66824709483516,8.61863056845837,5.73060345553512,5.25672188784222
"7",2.41596108347027,4.9806301791455,3.81474443767283,2.97158154882418,9.28566856304458,2.1846242221549,4.4657346677321
