"","S-BART","T-BART","X-BART","R-LASSO","R-BOOST","CF","BCF"
"1",0.118841845144495,0.121320631264852,0.121016192238611,0.118633094970834,0.119487036989261,0.118107919055836,0.119102798489546
"2",0.120814420335815,0.121273280630508,0.121922622056948,0.121169341346763,0.126291250462485,0.121132072859122,0.119488006036579
"3",0.124953561466764,0.124943124437827,0.125950294904063,0.124995505903803,0.125443985052482,0.12542828311575,0.12410507147497
"4",0.132599760445282,0.134594199033183,0.134454069075309,0.132905102898845,0.132280254264308,0.132258250399601,0.133116278290226
"5",0.121994646292053,0.129330216718305,0.128588544588943,0.12070965619703,0.133631412782486,0.121443683350905,0.120905683592306
"6",0.140559358304351,0.14469773890895,0.145986620587709,0.140196514793052,0.144955491419365,0.143646917931461,0.142952824781752
"7",0.130619035125226,0.132311060046536,0.131992341519071,0.130800836410697,0.137877382041406,0.130652079304774,0.131358596561187
