"","S-BART","T-BART","X-BART","R-LASSO","R-BOOST","CF","BCF"
"1",0.11038781366123,0.108648875280815,0.109479672313794,0.110153473688036,0.109901022340987,0.111043063540456,0.110042850068499
"2",0.124148011544048,0.122301867381998,0.123127524148391,0.124297017846537,0.122745503416163,0.12450043391218,0.123967754186198
"3",0.122764485800701,0.121026482548648,0.121912601987921,0.122798465503947,0.12149628841523,0.122999843980257,0.122461488681811
"4",0.117054305028442,0.11594196808602,0.11643080423503,0.117131562380508,0.116119265326324,0.11750420860677,0.11685429525866
"5",0.120538017270569,0.118872443265982,0.119741113260496,0.120772562683331,0.120031428699532,0.120962082841392,0.120751015902603
"6",0.12772893494654,0.124340389657739,0.125862394083321,0.128038222133202,0.125952211385493,0.128117516287697,0.126707503464606
"7",0.123865496792045,0.12155733436775,0.1227969985172,0.124023905626914,0.120816119239664,0.124195715616077,0.123908338592829
