"","S-BART","T-BART","X-BART","R-LASSO","R-BOOST","CF","BCF"
"1",1.72682652068534,6.72935975692636,6.23634448457702,5.58554589893013,7.9925683237168,0.518242292746687,2.93101440669128
"2",1.37926409891503,5.48501879285101,3.94138266647692,0.539656921627033,6.14644137199754,0.565177985278855,3.26793175638511
"3",1.33397448843535,3.56734419308353,2.97471267087605,0.930945858294841,4.02647944672215,0.52373009096188,3.23672045088282
"4",3.02532864516197,7.84858900219642,7.70241824645264,3.64147331720458,8.90419187916684,1.20550055570209,4.05635190807473
"5",1.21792411175854,5.48271265064843,4.71976158619031,0.509435225162177,7.28891655021908,1.27991563759032,2.1622765117192
"6",3.75877853428492,8.38619182609494,8.49662632489025,4.09582704753119,8.42814905321785,5.82777531665207,5.26531011320035
"7",2.74790903469825,5.06695710133027,4.72227477672513,3.17834899230415,10.4324224735122,2.39127471684093,4.8664927174422
