CMGP,NSGP
0.8460326884118599,0.5057636433924351
1.1113685694375657,0.809395272477715
0.389196541229608,0.4940963905293807
1.001847114094048,0.9148333385105433
0.5245038861552698,0.5501545233866494
0.6055492671693042,0.6081894761384207
0.8836785317612309,0.7592644371178995
0.5577426159766108,0.6293013301946447
0.8433351599832335,0.8716095433094636
0.830180978114401,0.6861522692221451
