CMGP,NSGP
0.6985732972395724,0.548247527718545
0.8394940287950367,0.6860419935677143
0.303552510656262,0.4168057342167658
1.1414374566588017,1.1304993045944287
0.640733534887901,0.6117086941474741
0.4662984860823121,0.3393824703010869
0.5124327430255011,0.5032460140312162
0.4646640378900419,0.5224607125066589
0.6769965073407435,0.7999390723726669
0.9785951646906653,1.018165202608504
