CMGP,NSGP
-0.017917191164722283,0.01079954555271141
0.15861680260927585,0.03863617687438826
-0.1852662050052211,-0.14443539664162797
0.33930590809566863,0.3449080986742665
0.14374849913899598,0.13684605545071657
-0.037269326979191775,-0.046544602275179925
-0.016488025009748112,-0.05248256210125043
0.0967637607926477,0.12946583250690852
-0.17087618794861376,-0.17231362202035758
0.12509705352507056,0.0282007835487918
