CMGP,NSGP
-0.15657828162728626,-0.10140543246344995
-0.04712708510286416,-0.18469214011956897
-0.1529259526366748,-0.1616675083319541
0.3180942603224379,0.35909043933604284
0.19425002560901233,0.21853987646358974
-0.003528999240822018,0.0015453989612360598
-0.15072745611565583,-0.029890303799566524
0.010423142472682797,0.09287353161410308
-0.26610228862685736,-0.2650730895434293
0.02355084155169652,-0.044358240933195056
