CMGP,NSGP
0.4567773269659334,0.49927406073732633
0.6311591605559552,0.2670939526033498
0.4391632050425807,0.42694300106426286
0.4192077385835495,0.27742553822873683
0.4197851168838221,0.419709601616594
