CMGP,NSGP
-0.060133596049916443,-0.09965405217233289
-0.05210557706932124,-0.037553442155707606
-0.12395412629745205,-0.12408910272741772
0.10140826372303474,0.11125477914354094
-0.008219447246728247,-0.008190129495331922
