CMGP,NSGP
0.44011864761894376,0.4974601334737435
0.6835761626518757,0.2951701853563293
0.48824005698661244,0.47273585201562396
0.4514997973761623,0.1993731350102547
0.45248075475707095,0.4524478692936434
