CMGP,NSGP
0.37268730485806034,0.46235771023637506
0.656606863576807,0.29752880086134087
0.421753651705895,0.45260377389922807
0.4186684185487824,0.19289911118801797
0.4222291835760843,0.42222932853166284
