CMGP,NSGP
-0.06555021947025837,-0.07288294376512307
-0.1327447838382294,-0.07592562228962152
-0.10704454816808402,-0.11812570080757608
0.10940782715964535,0.11766501094488346
0.004016616185615074,0.00398334592400608
