CMGP,NSGP
0.4629588238695248,0.460202476283473
0.6020220209599695,0.2745514272107608
0.47073692645415444,0.46803003838547635
0.43315024825308246,0.21922452682316843
0.42947803227035963,0.4294440979890483
