CMGP,NSGP
-0.12830677338118868,-0.12867170664439512
-0.0639617379992155,-0.12733220971283232
-0.12685840459081482,-0.09929826539855525
0.06551472084401573,0.1373139032107747
-0.05426281516620957,-0.05422174542522888
