CMGP,NSGP
-0.049152612447608164,-0.07728122198332836
-0.10664912928778258,-0.07600471029611969
-0.12438383333767074,-0.13035647279810275
0.08807408167996514,0.11263189843043292
0.021714728321150956,0.02173103087468643
