CMGP,NSGP,Logistic
0.49911946932303064,0.44049264282708417,0.31645798970560296
0.3847229059810212,0.3846981678888172,0.3392226428563643
0.43462468524776376,0.43435367960130955,0.37157516876923913
0.43467439587902185,0.3680732049735824,0.4489667644192357
0.37965137548670297,0.42087256968473297,0.6807389507736874
