CMGP,NSGP,Logistic
-0.2679109646922002,-0.17480379150779454,-0.27783029524820246
0.1924954138011587,0.19264251457984283,0.16559124098013153
-0.0907996493882025,-0.0904071117100127,-0.1544217449491759
-0.16015603409488177,0.01313233672385757,0.06301567404842305
0.006879558319771175,-0.13604621382443502,-0.21697720372201104
