CMGP,NSGP,Logistic
-0.35125916620051806,-0.2589433752069635,-0.22283312586149218
0.09635452487692908,0.09651956925606281,0.11825078198730582
-0.2268253825163273,-0.2264186672894235,-0.14471626436387947
-0.25158538328955554,-0.07939292601129844,-0.07579515343211848
-0.09639806111365268,-0.04262126741746348,0.0007185520679076001
