CMGP,NSGP,Logistic
-0.2850022787496132,-0.1926457876480259,-0.28031636870906557
0.18594986485087367,0.18610725412389614,0.1736775434827296
-0.08553693760678185,-0.0851479493231311,-0.16164890235767557
-0.15919713312922634,0.014956784895845038,0.07890702649219279
0.00602789096564988,-0.138206957591506,-0.22255444466076962
