CMGP,NSGP,Logistic
0.43343547639254054,0.38130441216870076,0.3542575984782525
0.3835416454317242,0.3836142031144635,0.37256839844939244
0.34425285966284147,0.344155736248771,0.38757207569686575
0.38569853373155877,0.3568322230804042,0.4675648742493367
0.33494835318621957,0.4755497374851185,0.6951573710909619
