CMGP,NSGP,Logistic
-0.41698980859411455,-0.32472931137631866,-0.1630349352737314
0.0789616299101222,0.07916282082737632,0.04687797401146813
-0.12033339897498144,-0.11993900283729075,-0.15922791947513745
-0.27294338537951457,-0.10107916265518314,-0.08978354738622484
-0.08003489970238485,-0.012391734367442366,-0.06032324194739149
