CMGP,NSGP,Logistic
0.5533406601538167,0.48832436266476353,0.3287464392353683
0.37420279753530583,0.3739994177890228,0.32798537105539755
0.34723290231352155,0.3470860001581979,0.417019523351601
0.4590853931987594,0.38757577800387244,0.4562247674757309
0.3694884829442922,0.3378090870310738,0.5731696188646386
