CMGP,NSGP,Logistic
0.4298904830199964,0.3803840668215803,0.3606186084092614
0.40013551290883037,0.40017364740612527,0.3700948033433578
0.3498781960198044,0.3497798101264932,0.3889736570793403
0.3613077546340549,0.3287219168100448,0.4328272071816206
0.34294287359448233,0.4706191704683166,0.7119829216262371
