CMGP,NSGP
5.743745707736305,5.743588004914022
5.710008351104562,5.679456252213377
5.754631444083412,5.754323869840156
5.718181319754805,5.718092929910942
5.758591430120182,5.757124504783923
5.751181702907694,5.7541171528940245
5.659333992558222,5.659357268760401
