CMGP,NSGP
-0.8444034373544491,-0.8329597213664666
-0.1884167944772758,-0.14819171873358963
-0.002727634435899005,0.0015823493397233092
-2.153472760804299,-2.1436234857934653
0.8567519158658867,0.8571545927309508
-0.06357855001168974,-0.060038178433768546
-1.0061680748994517,-0.969108134326793
