CMGP,NSGP
-0.7173550844016008,-0.7057765018352881
-0.028402460259592886,0.008521663480124458
0.15633389994369157,0.16018194611063902
-2.023296262360247,-2.014418002837906
1.0045397829912621,1.0049603215506755
0.0883022418084367,0.09152668673878515
-0.7837050514540594,-0.7466435118178608
