CMGP,NSGP
5.7765364759476,5.776358801060014
5.786934124140658,5.7873431457451465
5.771504558727137,5.771258043414294
5.788641001032228,5.794033189032516
5.7708680268053305,5.770641882966131
5.769769962060036,5.77734395409308
5.816584697969865,5.816639254072262
