CMGP,NSGP
0.9480885552184363,0.9380521961715818
0.4702767723803116,0.44936613204234105
0.5397835451306718,0.539129169554011
2.1866854841484638,2.176704028331476
1.0331248192680862,1.0334999000982608
0.4337556236524491,0.43287310490988007
1.148691393509622,1.116374470941019
