CMGP,NSGP
0.8119813504858329,0.801900097643648
0.3416086648193816,0.33614912980014827
0.5193070111437178,0.5199572854275561
2.050414139948251,2.041339945313287
1.1297728256144277,1.1301811938762225
0.3757274957449288,0.376194695644468
0.942133338605638,0.9115385186980461
