CMGP,NSGP
5.978485068264445,5.978285781104394
5.985156562743142,5.9829120804461855
5.933469659441502,5.933161950418801
6.016309608455906,6.014248202775412
6.004172990378735,6.003228106531446
5.984090257077563,5.9856970565982826
6.027969675647035,6.02809837968489
