CMGP,NSGP
-0.6738542544862264,-0.662200730133948
-0.049395777523226075,-0.012772051843095988
0.14290230072858118,0.14677096115249832
-2.006411155484868,-1.997704961173569
0.9662714563725863,0.9667015835852999
0.08729843215508795,0.09041286991609138
-0.865421212408175,-0.8283598793422986
