CMGP,NSGP
5.803573015513206,5.80339592505518
5.813831866284513,5.814226321182969
5.7973279071244175,5.797081102622146
5.815177560514457,5.821440735582466
5.79754319471221,5.797200337384195
5.7965026980204035,5.805126350316546
5.841560399913322,5.841620508777163
