CMGP,NSGP
5.771198170322768,5.771041067945275
5.738189813736534,5.708464042493633
5.785156015090056,5.784852084741291
5.7464828603872515,5.746533864838132
5.787578809454157,5.785649720669819
5.779346775347837,5.782359284301785
5.689870999215365,5.689902909184666
