CMGP,NSGP
-0.8582807079594297,-0.8468151452631365
-0.15766788117780084,-0.11780438683584106
-0.007581392391130564,-0.0033872213353328714
-2.12646425605959,-2.1167025385501517
0.800486479801501,0.8009453301567396
-0.0420343408894328,-0.038519504720863136
-0.9738754922576777,-0.9368152799955889
