CMGP,NSGP
0.9578653299915888,0.9477458296556629
0.4032432568416413,0.38471680894012134
0.5449718840884865,0.5443139649224806
2.1596055831300425,2.149649404933111
0.9722322777857922,0.9726409043492966
0.3834769906149536,0.3825958453080479
1.12501795512916,1.0930965122484704
