CMGP,NSGP
0.7605932654267203,0.7504180152944554
0.3503745209479837,0.3423422123803969
0.5148379275524947,0.5153755499913485
2.0325196445261735,2.0236330635487936
1.0812084117153167,1.0816044229383786
0.34995476508399453,0.3502734122675169
0.9840386513629897,0.9516098934781985
