CMGP,NSGP
5.96000980618419,5.959809804917603
5.961908584107287,5.959886742702603
5.9130829403827825,5.912774177492114
5.995966334836783,5.993982083741227
5.98323744853342,5.98248202849007
5.963718075322979,5.965347625333808
6.008845507104882,6.008969064037426
