CMGP,NSGP
5.935305637900373,5.935113640209887
5.935072373705782,5.929709936047306
5.956171947713462,5.9558773471712545
5.9197664300139925,5.919482715173335
5.927459397116693,5.92489478545034
5.9281555331003695,5.929089344026104
5.914869426814637,5.914984643175633
