"","S-BART","T-BART","X-BART","R-LASSO","R-BOOST","CF","BCF"
"1",-0.361984120886565,-1.5523390102368,-1.16056991637391,-1.29978787515699,-5.35733354795965,0.0788507560429028,0.397313782850295
"2",0.865901447838507,0.310147189555498,0.782755476645611,0.242536794907902,-3.66371825356294,0.294514515467881,3.04521166968611
"3",1.0518962781208,0.974902067164074,0.808311541728686,0.783108083414782,-1.38794888528235,-0.144940459916888,3.14872500021265
"4",-0.194579383678015,-0.538008536577837,-0.429468603989864,-1.26665678890396,-6.09104820193659,-1.10056892487813,-0.197612199362354
"5",-0.549495256090774,-1.53972500051397,-1.54636250789868,-0.00313223470780934,-4.8539393836947,-1.17416762074521,1.87614705177209
"6",2.75284503571193,2.12607386027208,2.76985800712877,1.88026141507888,-2.24991852608145,2.22531602435935,3.35726196740048
"7",2.49721408736018,2.19234265136217,2.97147445436208,3.13516252042735,2.25585698890082,2.33356733007947,4.75963328846569
