"","S-BART","T-BART","X-BART","R-LASSO","R-BOOST","CF","BCF"
"1",1.53364823574102,6.57589328217086,6.05128872303648,5.36299381172325,7.66276095913068,0.64954457907678,2.9873994123963
"2",1.20718023146934,5.08186148460403,3.95638877689982,0.551054271826471,6.46715942318981,0.590773682335008,2.92499365846831
"3",1.17296346840522,3.9949262151643,3.55109872460176,0.834213630706116,4.60159830937297,0.66556668267314,3.05450987237167
"4",2.90916809454877,7.23769407568914,7.17788121383661,3.71534027925693,9.04385339101067,1.37461460070139,3.88429101008722
"5",1.20019673407925,4.66281944419592,4.24059602269129,0.580149938804926,6.64793141139594,1.50789389864762,2.25621774950606
"6",3.98649039712406,10.1009476513438,9.02294751224106,4.06029156156562,9.08877299141302,5.88078300481877,5.50427012255302
"7",2.45632834607177,5.31174451306804,4.03099789996663,2.95843767325679,9.74102987002604,2.1844980790306,4.48308252505193
