"","S-BART","T-BART","X-BART","R-LASSO","R-BOOST","CF","BCF"
"1",0.0689181900646419,0.321318347439274,0.204215082535501,-0.411369405288546,-4.8835956849437,-0.16547396732644,1.06022178255747
"2",0.526329355795119,0.327317364684226,-0.147098563122586,-0.00734468170134729,-4.0555896900286,0.0426937467705112,2.66563544252438
"3",0.716165045274721,0.0211605811283098,0.108579821694617,0.616894049405434,-1.76250539782909,-0.31254405943848,2.94499660039824
"4",-0.638718150133995,-0.992128185161432,-1.06200309842181,-1.79944215971634,-5.93740048992689,-1.25430491446008,-0.641945438489329
"5",-0.4880343997616,-0.242069101489924,-0.401619700259591,-0.23603076531783,-3.66433991773944,-1.3998458522549,1.97862919305566
"6",3.04745895102664,3.72644033069569,3.24078078724097,1.77848545413457,-2.50580916302327,1.81466927542883,3.42338602710309
"7",2.22078408694928,2.60423828594275,2.01335213069089,2.90204006914404,1.24714192827005,2.10031046072798,4.37993886639047
