"","S-BART","T-BART","X-BART","R-LASSO","R-BOOST","CF","BCF"
"1",1.64741793185407,6.78439115784825,6.43002023384562,5.64710737420366,8.06961507707564,0.551160938723059,3.08808680559289
"2",1.26356398985901,5.47349977403018,3.80357467496423,0.556056179674845,6.19975223904475,0.59252716629652,3.17409892179208
"3",1.43862993560955,4.19255690578086,3.22305668371826,0.980622526892056,3.90937267208147,0.539227037091244,3.35970071048607
"4",3.12974949380333,7.81648386263406,7.64393966389454,3.64439010385732,9.06695278872658,1.19391329679235,4.17441289547714
"5",1.23496662033501,5.44583915644642,4.74963126267407,0.510654029131125,7.46294072816676,1.25403458416612,2.29227094064806
"6",3.66711414127177,8.46973734602395,8.46686911653277,3.99936100881994,9.09834254478018,5.7520217289438,5.00239425638983
"7",2.62212923983825,4.96087842304191,4.38198885092235,3.14782240124897,9.99763153692136,2.36444189770013,4.74134718929098
