"","S-BART","T-BART","X-BART","R-LASSO","R-BOOST","CF","BCF"
"1",0.133801839562829,0.13068803737467,0.130952515067871,0.132705374303298,0.13068604374276,0.135269275989437,0.132981421537947
"2",0.129841463391394,0.125153644476518,0.128098930359784,0.130256740417002,0.127519267799764,0.130868858749805,0.130048714304628
"3",0.130092565333149,0.128754277328502,0.128309773496818,0.130352655046632,0.128968047472757,0.131024833506135,0.130748821794596
"4",0.120765130089375,0.117323697270779,0.117720721447278,0.120868115596042,0.115999389409348,0.122514179798883,0.119933608552326
"5",0.144907654150818,0.141571245530154,0.14219361873764,0.145220887851186,0.140921842972543,0.145988633320859,0.144490216797811
"6",0.135250227097914,0.132934856574197,0.132237626774053,0.135493411971898,0.132815621467034,0.137843155513398,0.134371222188353
"7",0.141203322197604,0.137812278675093,0.139175480173139,0.141608827157046,0.133585860672824,0.142392342919018,0.141496410339702
